dump,era,intensity,qpage_share,q_per_page,genuine-UGC_share,genuine-UGC_per_qpage,genuine-UGC_per_page,manufactured-template_share,manufactured-template_per_qpage,manufactured-template_per_page,commerce-faq_share,commerce-faq_per_qpage,commerce-faq_per_page,editorial_share,editorial_per_qpage,editorial_per_page
2013-20,Baseline,2.435,0.184057,0.448179,0.0743,0.180921,0.0332997,0.1641,0.399583,0.0735461,0.0078,0.018993,0.00349579,0.1414,0.344309,0.0633725
2013-48,Baseline,2.352,0.182883,0.430141,0.097,0.228144,0.0417237,0.1614,0.379613,0.0694247,0.0094,0.0221088,0.00404332,0.1416,0.333043,0.0609079
2014-10,Baseline,2.362,0.182021,0.429934,0.1043,0.246357,0.0448421,0.1453,0.343199,0.0624694,0.0099,0.0233838,0.00425634,0.1367,0.322885,0.0587719
2014-15,Baseline,2.399,0.181329,0.435008,0.0955,0.229105,0.0415433,0.1449,0.347615,0.0630327,0.0094,0.0225506,0.00408908,0.1364,0.327224,0.0593351
2014-23,Baseline,2.353,0.177226,0.417013,0.1096,0.257889,0.0457046,0.1454,0.342126,0.0606337,0.0092,0.0216476,0.00383652,0.1433,0.337185,0.0597579
2014-35,Baseline,2.355,0.179687,0.423163,0.1024,0.241152,0.0433319,0.1434,0.337707,0.0606816,0.0086,0.020253,0.0036392,0.1447,0.340768,0.0612317
2014-41,Baseline,2.351,0.177632,0.417613,0.1,0.2351,0.0417613,0.1449,0.34066,0.0605121,0.0087,0.0204537,0.00363323,0.1478,0.347478,0.0617232
2014-42,Baseline,2.391,0.178322,0.426368,0.0903,0.215907,0.038501,0.1439,0.344065,0.0613543,0.0076,0.0181716,0.0032404,0.1484,0.354824,0.063273
2014-49,Baseline,2.392,0.179085,0.428371,0.0842,0.201406,0.0360689,0.1378,0.329618,0.0590296,0.0073,0.0174616,0.00312711,0.1521,0.363823,0.0651553
2014-52,Baseline,2.342,0.179032,0.419293,0.1002,0.234668,0.0420132,0.141,0.330222,0.0591203,0.0089,0.0208438,0.00373171,0.1529,0.358092,0.0641099
2015-06,Baseline,2.358,0.178851,0.421731,0.091,0.214578,0.0383775,0.1391,0.327998,0.0586627,0.0089,0.0209862,0.0037534,0.1636,0.385769,0.0689951
2015-11,Baseline,2.375,0.18194,0.432107,0.0919,0.218262,0.0397107,0.1414,0.335825,0.0611,0.009,0.021375,0.00388897,0.1502,0.356725,0.0649025
2015-14,Baseline,2.387,0.181479,0.43319,0.0889,0.212204,0.0385106,0.1399,0.333941,0.0606033,0.0086,0.0205282,0.00372544,0.1514,0.361392,0.065585
2015-18,Baseline,2.37,0.179247,0.424815,0.0952,0.225624,0.0404424,0.1415,0.335355,0.0601114,0.0099,0.023463,0.00420567,0.1502,0.355974,0.0638073
2015-22,Baseline,2.377,0.181597,0.431656,0.0911,0.216545,0.0393239,0.1419,0.337296,0.061252,0.0095,0.0225815,0.00410073,0.1502,0.357025,0.0648347
2015-27,Baseline,2.381,0.182451,0.434416,0.0906,0.215719,0.0393581,0.1375,0.327387,0.0597322,0.0091,0.0216671,0.00395318,0.1526,0.363341,0.0662919
2015-32,Baseline,2.377,0.183182,0.435424,0.091,0.216307,0.0396235,0.1376,0.327075,0.0599143,0.0091,0.0216307,0.00396235,0.1524,0.362255,0.0663586
2015-35,Baseline,2.371,0.18214,0.431854,0.0912,0.216235,0.0393851,0.1374,0.325775,0.0593367,0.009,0.021339,0.00388669,0.1522,0.360866,0.0657282
2015-40,Baseline,2.386,0.182448,0.435321,0.0904,0.215694,0.039353,0.1304,0.311134,0.0567658,0.0082,0.0195652,0.00356963,0.1538,0.366967,0.0669524
2015-48,Baseline,2.376,0.184001,0.437186,0.0907,0.215503,0.0396528,0.137,0.325512,0.0598945,0.009,0.021384,0.00393468,0.1548,0.367805,0.0676765
2016-07,Answer-engine-SEO,2.387,0.184607,0.440657,0.09,0.21483,0.0396591,0.1365,0.325826,0.0601497,0.0091,0.0217217,0.00400998,0.1566,0.373804,0.0690069
2016-18,Answer-engine-SEO,2.386,0.185148,0.441763,0.0892,0.212831,0.0394053,0.131,0.312566,0.057871,0.0094,0.0224284,0.00415257,0.1595,0.380567,0.0704612
2016-22,Answer-engine-SEO,2.393,0.184217,0.440831,0.0847,0.202687,0.0373384,0.1331,0.318508,0.0586746,0.0096,0.0229728,0.00423198,0.1563,0.374026,0.0689019
2016-26,Answer-engine-SEO,2.401,0.182276,0.437645,0.088,0.211288,0.0385127,0.1242,0.298204,0.0543555,0.0096,0.0230496,0.00420139,0.1702,0.40865,0.0744871
2016-30,Answer-engine-SEO,2.389,0.184713,0.441279,0.0895,0.213815,0.0394945,0.1356,0.323948,0.0598375,0.0101,0.0241289,0.00445692,0.1544,0.368862,0.0681335
2016-36,Answer-engine-SEO,2.406,0.184791,0.444607,0.0831,0.199939,0.0369469,0.1362,0.327697,0.0605555,0.01,0.02406,0.00444607,0.155,0.37293,0.0689141
2016-40,Answer-engine-SEO,2.393,0.184189,0.440764,0.0745,0.178278,0.0328369,0.1411,0.337652,0.0621918,0.008,0.019144,0.00352611,0.1561,0.373547,0.0688033
2016-44,Answer-engine-SEO,2.282,0.1754,0.400263,0.1054,0.240523,0.0421877,0.1486,0.339105,0.0594791,0.0086,0.0196252,0.00344226,0.135,0.30807,0.0540355
2016-50,Answer-engine-SEO,2.303,0.177198,0.408087,0.0826,0.190228,0.033708,0.151,0.347753,0.0616211,0.0084,0.0193452,0.00342793,0.1441,0.331862,0.0588053
2017-04,Answer-engine-SEO,2.328,0.177249,0.412636,0.0813,0.189266,0.0335473,0.1551,0.361073,0.0639998,0.0086,0.0200208,0.00354867,0.1396,0.324989,0.0576039
2017-09,Answer-engine-SEO,2.352,0.182279,0.42872,0.0713,0.167698,0.0305678,0.1608,0.378202,0.0689382,0.0088,0.0206976,0.00377274,0.151,0.355152,0.0647368
2017-13,Answer-engine-SEO,2.388,0.191863,0.458169,0.0531,0.126803,0.0243288,0.1767,0.42196,0.0809584,0.0084,0.0200592,0.00384862,0.179,0.427452,0.0820122
2017-17,Answer-engine-SEO,2.418,0.193458,0.467781,0.0459,0.110986,0.0214712,0.178,0.430404,0.0832651,0.0081,0.0195858,0.00378903,0.1986,0.480215,0.0929014
2017-22,Answer-engine-SEO,2.404,0.194396,0.467328,0.0393,0.0944772,0.018366,0.1654,0.397622,0.077296,0.0092,0.0221168,0.00429942,0.1953,0.469501,0.0912692
2017-26,Answer-engine-SEO,2.39,0.201515,0.481621,0.0303,0.072417,0.0145931,0.1752,0.418728,0.08438,0.009,0.02151,0.00433459,0.2023,0.483497,0.0974319
2017-30,Answer-engine-SEO,2.408,0.197955,0.476676,0.0316,0.0760928,0.015063,0.1684,0.405507,0.0802722,0.0089,0.0214312,0.00424241,0.186,0.447888,0.0886617
2017-34,Answer-engine-SEO,2.335,0.197892,0.462078,0.032,0.07472,0.0147865,0.1754,0.409559,0.0810484,0.0094,0.021949,0.00434353,0.2221,0.518603,0.102627
2017-39,Answer-engine-SEO,2.385,0.196938,0.469697,0.0335,0.0798975,0.0157349,0.1723,0.410936,0.0809288,0.0097,0.0231345,0.00455606,0.1869,0.445756,0.0877864
2017-43,Answer-engine-SEO,2.368,0.200487,0.474753,0.0298,0.0705664,0.0141476,0.1788,0.423398,0.0848859,0.0101,0.0239168,0.00479501,0.205,0.48544,0.0973244
2017-47,Answer-engine-SEO,2.393,0.195045,0.466743,0.0301,0.0720293,0.014049,0.1763,0.421886,0.0822867,0.0095,0.0227335,0.00443406,0.1834,0.438876,0.0856006
2017-51,Answer-engine-SEO,2.36,0.198598,0.468691,0.0288,0.067968,0.0134983,0.1739,0.410404,0.0815054,0.0096,0.022656,0.00449944,0.2066,0.487576,0.0968316
2018-05,Answer-engine-SEO,2.408,0.198912,0.47898,0.0292,0.0703136,0.0139862,0.1808,0.435366,0.0865996,0.01,0.02408,0.0047898,0.1538,0.37035,0.0736671
2018-09,Answer-engine-SEO,2.397,0.194774,0.466873,0.029,0.069513,0.0135393,0.1864,0.446801,0.0870252,0.0107,0.0256479,0.00499554,0.1855,0.444643,0.086605
2018-13,Answer-engine-SEO,2.389,0.195561,0.467195,0.0314,0.0750146,0.0146699,0.1804,0.430976,0.084282,0.0105,0.0250845,0.00490555,0.1794,0.428587,0.0838148
2018-17,Answer-engine-SEO,2.427,0.193013,0.468443,0.0332,0.0805764,0.0155523,0.1812,0.439772,0.0848818,0.0112,0.0271824,0.00524656,0.1358,0.329587,0.0636145
2018-22,Answer-engine-SEO,2.399,0.193658,0.464586,0.0322,0.0772478,0.0149597,0.1852,0.444295,0.0860412,0.0111,0.0266289,0.0051569,0.1686,0.404471,0.0783291
2018-26,Answer-engine-SEO,2.45,0.195988,0.480171,0.027,0.06615,0.0129646,0.1874,0.45913,0.089984,0.0099,0.024255,0.00475369,0.1468,0.35966,0.070489
2018-30,Answer-engine-SEO,2.396,0.1989,0.476564,0.0239,0.0572644,0.0113899,0.1867,0.447333,0.0889746,0.0096,0.0230016,0.00457502,0.2053,0.491899,0.0978387
2018-34,Answer-engine-SEO,2.446,0.191041,0.467286,0.0238,0.0582148,0.0111214,0.1902,0.465229,0.0888779,0.0124,0.0303304,0.00579435,0.1038,0.253895,0.0485043
2018-39,Answer-engine-SEO,2.422,0.190856,0.462253,0.0272,0.0658784,0.0125733,0.1831,0.443468,0.0846386,0.0113,0.0273686,0.00522346,0.1123,0.271991,0.051911
2018-43,Answer-engine-SEO,2.429,0.189067,0.459244,0.0253,0.0614537,0.0116189,0.1977,0.480213,0.0907925,0.0131,0.0318199,0.00601609,0.1061,0.257717,0.0487258
2018-47,Answer-engine-SEO,2.482,0.192578,0.477979,0.0219,0.0543558,0.0104677,0.1954,0.484983,0.093397,0.0122,0.0302804,0.00583134,0.1018,0.252668,0.0486582
2018-51,Answer-engine-SEO,2.465,0.190995,0.470803,0.0228,0.056202,0.0107343,0.2023,0.498669,0.0952434,0.0128,0.031552,0.00602627,0.0923,0.227519,0.0434551
2019-04,Answer-engine-SEO,2.444,0.196606,0.480505,0.0217,0.0530348,0.010427,0.1969,0.481224,0.0946114,0.0121,0.0295724,0.00581411,0.1036,0.253198,0.0497803
2019-09,Answer-engine-SEO,2.51,0.199045,0.499603,0.0177,0.044427,0.00884297,0.1963,0.492713,0.0980721,0.0127,0.031877,0.00634496,0.0806,0.202306,0.040268
2019-13,Answer-engine-SEO,2.518,0.195959,0.493425,0.018,0.045324,0.00888165,0.1898,0.477916,0.093652,0.0124,0.0312232,0.00611847,0.0812,0.204462,0.0400661
2019-18,Answer-engine-SEO,2.535,0.199171,0.504898,0.0165,0.0418275,0.00833083,0.1975,0.500663,0.0997175,0.0128,0.032448,0.0064627,0.0747,0.189365,0.0377159
2019-22,Answer-engine-SEO,2.51,0.199426,0.500559,0.0167,0.041917,0.00835934,0.1932,0.484932,0.096708,0.0149,0.037399,0.00745833,0.0842,0.211342,0.0421471
2019-26,Answer-engine-SEO,2.503,0.201115,0.503391,0.0187,0.0468061,0.00941341,0.1883,0.471315,0.0947885,0.013,0.032539,0.00654408,0.082,0.205246,0.041278
2019-30,Answer-engine-SEO,2.49,0.202713,0.504755,0.0198,0.049302,0.00999416,0.1923,0.478827,0.0970645,0.0154,0.038346,0.00777323,0.0813,0.202437,0.0410366
2019-35,Answer-engine-SEO,2.499,0.202523,0.506105,0.0198,0.0494802,0.0100209,0.1963,0.490554,0.0993484,0.013,0.032487,0.00657936,0.0769,0.192173,0.0389195
2019-39,Answer-engine-SEO,2.503,0.203388,0.50908,0.0202,0.0505606,0.0102834,0.1895,0.474319,0.0964707,0.0129,0.0322887,0.00656713,0.08,0.20024,0.0407264
2019-43,Answer-engine-SEO,2.518,0.197479,0.497252,0.0237,0.0596766,0.0117849,0.1986,0.500075,0.0987543,0.0128,0.0322304,0.00636483,0.0752,0.189354,0.0373934
2019-47,Answer-engine-SEO,2.529,0.201188,0.508804,0.0206,0.0520974,0.0104814,0.1947,0.492396,0.0990642,0.013,0.032877,0.00661446,0.0727,0.183858,0.0369901
2019-51,Answer-engine-SEO,2.518,0.200652,0.505242,0.023,0.057914,0.0116206,0.1817,0.457521,0.0918024,0.0134,0.0337412,0.00677024,0.0763,0.192123,0.0385499
2020-05,COVID,2.548,0.204033,0.519876,0.0189,0.0481572,0.00982566,0.1909,0.486413,0.0992443,0.0135,0.034398,0.00701833,0.071,0.180908,0.0369112
2020-10,COVID,2.516,0.195999,0.493133,0.0243,0.0611388,0.0119831,0.1844,0.46395,0.0909338,0.0133,0.0334628,0.00655868,0.0726,0.182662,0.0358015
2020-16,COVID,2.552,0.204177,0.52106,0.0167,0.0426184,0.0087017,0.1928,0.492026,0.10046,0.0139,0.0354728,0.00724273,0.0657,0.167666,0.0342336
2020-24,COVID,2.509,0.199427,0.500362,0.0218,0.0546962,0.0109079,0.1944,0.48775,0.0972704,0.0132,0.0331188,0.00660478,0.0739,0.185415,0.0369768
2020-29,COVID,2.551,0.205211,0.523493,0.0191,0.0487241,0.00999872,0.1974,0.503567,0.103338,0.0142,0.0362242,0.0074336,0.071,0.181121,0.037168
2020-34,COVID,2.565,0.201004,0.515575,0.0215,0.0551475,0.0110849,0.1914,0.490941,0.0986811,0.015,0.038475,0.00773363,0.0732,0.187758,0.0377401
2020-40,COVID,2.552,0.206909,0.528032,0.0191,0.0487432,0.0100854,0.2166,0.552763,0.114372,0.0134,0.0341968,0.00707563,0.0643,0.164094,0.0339524
2020-45,COVID,2.628,0.201894,0.530577,0.0208,0.0546624,0.011036,0.218,0.572904,0.115666,0.0138,0.0362664,0.00732197,0.0674,0.177127,0.0357609
2020-50,COVID,2.633,0.202745,0.533828,0.019,0.050027,0.0101427,0.2197,0.57847,0.117282,0.0142,0.0373886,0.00758035,0.062,0.163246,0.0330973
2021-04,COVID,2.657,0.207456,0.551211,0.0165,0.0438405,0.00909497,0.2296,0.610047,0.126558,0.0136,0.0361352,0.00749646,0.0615,0.163406,0.0338995
2021-10,COVID,2.699,0.206354,0.556949,0.0185,0.0499315,0.0103036,0.2389,0.644791,0.133055,0.0137,0.0369763,0.00763021,0.0636,0.171656,0.035422
2021-17,COVID,2.704,0.211572,0.572091,0.0159,0.0429936,0.00909624,0.2367,0.640037,0.135414,0.013,0.035152,0.00743718,0.0628,0.169811,0.0359273
2021-21,COVID,2.723,0.20402,0.555546,0.0176,0.0479248,0.00977762,0.2261,0.61567,0.125609,0.0137,0.0373051,0.00761099,0.0671,0.182713,0.0372772
2021-25,COVID,2.747,0.20203,0.554976,0.0208,0.0571376,0.0115435,0.2269,0.623294,0.125924,0.0141,0.0387327,0.00782517,0.0654,0.179654,0.0362955
2021-31,COVID,2.723,0.211613,0.576222,0.0144,0.0392112,0.0082976,0.2275,0.619482,0.131091,0.0137,0.0373051,0.00789424,0.0633,0.172366,0.0364749
2021-39,COVID,2.759,0.206565,0.569913,0.017,0.046903,0.00968852,0.2182,0.602014,0.124355,0.0143,0.0394537,0.00814975,0.0659,0.181818,0.0375573
2021-43,COVID,2.791,0.212882,0.594154,0.0146,0.0407486,0.00867464,0.2291,0.639418,0.136121,0.014,0.039074,0.00831815,0.0638,0.178066,0.037907
2021-49,COVID,2.849,0.201756,0.574803,0.0186,0.0529914,0.0106913,0.2147,0.61168,0.12341,0.0153,0.0435897,0.00879448,0.0644,0.183476,0.0370173
2022-05,COVID,2.829,0.210565,0.595688,0.0151,0.0427179,0.00899489,0.2173,0.614742,0.129443,0.0147,0.0415863,0.00875662,0.0615,0.173984,0.0366348
2022-21,COVID,2.746,0.214742,0.589682,0.0172,0.0472312,0.0101425,0.2172,0.596431,0.128079,0.0145,0.039817,0.00855038,0.0606,0.166408,0.0357347
2022-27,COVID,2.762,0.21626,0.59731,0.0165,0.045573,0.00985562,0.209,0.577258,0.124838,0.0147,0.0406014,0.00878046,0.0635,0.175387,0.0379292
2022-33,COVID,2.81,0.208445,0.58573,0.0206,0.057886,0.012066,0.2081,0.584761,0.121891,0.015,0.04215,0.00878596,0.065,0.18265,0.0380725
2022-40,COVID,2.81,0.226848,0.637443,0.0142,0.039902,0.00905169,0.2144,0.602464,0.136668,0.0156,0.043836,0.00994411,0.0621,0.174501,0.0395852
2022-49,Early-AI,2.805,0.223436,0.626738,0.0137,0.0384285,0.00858631,0.2109,0.591575,0.132179,0.0154,0.043197,0.00965176,0.0611,0.171386,0.0382937
2023-06,Early-AI,2.789,0.224564,0.626309,0.0141,0.0393249,0.00883096,0.205,0.571745,0.128393,0.0147,0.0409983,0.00920674,0.0625,0.174313,0.0391443
2023-14,Early-AI,2.884,0.229553,0.662031,0.0162,0.0467208,0.0107249,0.2054,0.592374,0.135981,0.0151,0.0435484,0.00999667,0.0647,0.186595,0.0428334
2023-23,Early-AI,2.87,0.234746,0.673721,0.0168,0.048216,0.0113185,0.1994,0.572278,0.13434,0.0143,0.041041,0.00963421,0.0657,0.188559,0.0442635
2023-40,Early-AI,2.816,0.22132,0.623237,0.0149,0.0419584,0.00928623,0.2042,0.575027,0.127265,0.0158,0.0444928,0.00984715,0.0553,0.155725,0.034465
2023-50,Early-AI,2.786,0.217799,0.606788,0.0184,0.0512624,0.0111649,0.2032,0.566115,0.123299,0.0161,0.0448546,0.00976929,0.0556,0.154902,0.0337374
2024-10,Mature-AI,2.796,0.232954,0.651339,0.0197,0.0550812,0.0128314,0.1924,0.53795,0.125318,0.0172,0.0480912,0.011203,0.0591,0.165244,0.0384942
2024-18,Mature-AI,2.804,0.231034,0.647819,0.021,0.058884,0.0136042,0.1857,0.520703,0.1203,0.0171,0.0479484,0.0110777,0.0596,0.167118,0.03861
2024-22,Mature-AI,2.787,0.22917,0.638697,0.0219,0.0610353,0.0139875,0.1829,0.509742,0.116818,0.0169,0.0471003,0.010794,0.0598,0.166663,0.0381941
2024-26,Mature-AI,2.796,0.227191,0.635226,0.0217,0.0606732,0.0137844,0.1812,0.506635,0.115103,0.0168,0.0469728,0.0106718,0.0604,0.168878,0.0383677
2024-30,Mature-AI,2.804,0.224237,0.628761,0.0203,0.0569212,0.0127638,0.1774,0.49743,0.111542,0.0174,0.0487896,0.0109404,0.0601,0.16852,0.0377885
2024-33,Mature-AI,2.794,0.221451,0.618734,0.0226,0.0631444,0.0139834,0.173,0.483362,0.107041,0.0175,0.048895,0.0108278,0.0623,0.174066,0.0385471
2024-38,Mature-AI,2.803,0.225021,0.630734,0.0187,0.0524161,0.0117947,0.1808,0.506782,0.114037,0.0177,0.0496131,0.011164,0.0592,0.165938,0.0373394
2024-42,Mature-AI,2.815,0.222165,0.625394,0.0202,0.056863,0.012633,0.1741,0.490092,0.108881,0.0179,0.0503885,0.0111946,0.0619,0.174249,0.0387119
2024-46,Mature-AI,2.815,0.22388,0.630222,0.0194,0.054611,0.0122263,0.1778,0.500507,0.112054,0.0178,0.050107,0.011218,0.0612,0.172278,0.0385696
2024-51,Mature-AI,2.715,0.219978,0.59724,0.0166,0.045069,0.00991419,0.1709,0.463993,0.102068,0.0189,0.0513135,0.0112878,0.0593,0.160999,0.0354163
2025-05,Mature-AI,2.788,0.226348,0.631058,0.0158,0.0440504,0.00997072,0.1866,0.520241,0.117755,0.0183,0.0510204,0.0115484,0.0593,0.165328,0.0374218
2025-08,Mature-AI,2.823,0.2233,0.630376,0.0174,0.0491202,0.0109685,0.1939,0.54738,0.12223,0.0179,0.0505317,0.0112837,0.0606,0.171074,0.0382008
2025-13,Mature-AI,2.773,0.223773,0.620523,0.0197,0.0546281,0.0122243,0.1758,0.487493,0.109088,0.0191,0.0529643,0.011852,0.0601,0.166657,0.0372934
2025-18,Mature-AI,2.796,0.225511,0.630529,0.0184,0.0514464,0.0116017,0.1806,0.504958,0.113873,0.0189,0.0528444,0.011917,0.0604,0.168878,0.0380839
2025-21,Mature-AI,2.785,0.225678,0.628513,0.0183,0.0509655,0.0115018,0.1751,0.487654,0.110053,0.0185,0.0515225,0.0116275,0.0616,0.171556,0.0387164
2025-26,Mature-AI,2.804,0.22518,0.631405,0.019,0.053276,0.0119967,0.1681,0.471352,0.106139,0.0186,0.0521544,0.0117441,0.0637,0.178615,0.0402205
