dump,intensity,dup_d2,dup_d5,dup_d10,forum_host,forum_regdomain,forum_host_allowlist,forum_host_pattern,forum_host_union
2013-20,2.435,0.1735,0.0889,0.0642,0.0291,0.0168,0.0291,0.0596,0.0748
2013-48,2.352,0.1745,0.0783,0.0597,0.0402,0.0271,0.0402,0.0738,0.0972
2014-10,2.362,0.1661,0.0883,0.0612,0.0512,0.0367,0.0512,0.0712,0.1044
2014-15,2.399,0.1656,0.0874,0.0592,0.0473,0.0328,0.0473,0.0652,0.0956
2014-23,2.353,0.1673,0.0877,0.0609,0.0532,0.0394,0.0532,0.0736,0.1096
2014-35,2.355,0.164,0.0865,0.0603,0.0478,0.0346,0.0478,0.0708,0.1024
2014-41,2.351,0.1614,0.0826,0.0605,0.0451,0.0316,0.0451,0.0716,0.1
2014-42,2.391,0.1585,0.0812,0.0594,0.0408,0.0272,0.0408,0.0658,0.0903
2014-49,2.392,0.1485,0.0747,0.057,0.037,0.0232,0.037,0.0636,0.0841
2014-52,2.342,0.1539,0.0786,0.0608,0.0462,0.0329,0.0462,0.0708,0.1002
2015-06,2.358,0.1508,0.0772,0.0595,0.0401,0.0271,0.0401,0.0676,0.0911
2015-11,2.375,0.153,0.0789,0.0608,0.0407,0.0263,0.0407,0.0688,0.0919
2015-14,2.387,0.151,0.0771,0.0592,0.0386,0.0249,0.0386,0.067,0.0889
2015-18,2.37,0.1539,0.0783,0.0597,0.0433,0.0301,0.0433,0.0687,0.0953
2015-22,2.377,0.1538,0.0782,0.0599,0.0413,0.0284,0.0413,0.066,0.0911
2015-27,2.381,0.1489,0.0759,0.0582,0.0402,0.0276,0.0402,0.0665,0.0907
2015-32,2.377,0.1494,0.0763,0.0581,0.0413,0.0284,0.0413,0.0661,0.091
2015-35,2.371,0.149,0.0758,0.058,0.0415,0.0285,0.0415,0.0665,0.0913
2015-40,2.386,0.1412,0.0723,0.0552,0.0403,0.0272,0.0403,0.0667,0.0904
2015-48,2.376,0.1483,0.076,0.0582,0.0413,0.0287,0.0413,0.0654,0.0907
2016-07,2.387,0.1478,0.0759,0.0581,0.0414,0.0293,0.0414,0.065,0.09
2016-18,2.386,0.1419,0.0719,0.0546,0.0413,0.0293,0.0413,0.0634,0.0893
2016-22,2.393,0.1433,0.0724,0.0556,0.039,0.0279,0.039,0.0605,0.0848
2016-26,2.401,0.1341,0.0683,0.052,0.0401,0.0318,0.0401,0.0611,0.0881
2016-30,2.389,0.1463,0.0747,0.0574,0.0403,0.0288,0.0403,0.0652,0.0895
2016-36,2.406,0.1458,0.0747,0.0577,0.0334,0.0205,0.0334,0.066,0.0831
2016-40,2.393,0.1499,0.0767,0.0592,0.0293,0.0182,0.0293,0.0602,0.0746
2016-44,2.282,0.1625,0.0839,0.063,0.0358,0.0219,0.0358,0.0913,0.1055
2016-50,2.303,0.1616,0.084,0.0627,0.0311,0.0206,0.0311,0.0685,0.0827
2017-04,2.328,0.1657,0.0865,0.066,0.0293,0.0188,0.0293,0.0687,0.0814
2017-09,2.352,0.17,0.0894,0.0672,0.0271,0.0173,0.0271,0.0603,0.0714
2017-13,2.388,0.1834,0.0974,0.0748,0.0201,0.0124,0.0201,0.0446,0.0533
2017-17,2.418,0.1846,0.1005,0.0771,0.0181,0.0115,0.0181,0.0374,0.0461
2017-22,2.404,0.1702,0.0937,0.0714,0.0166,0.0091,0.0166,0.0321,0.0392
2017-26,2.39,0.179,0.1004,0.077,0.0126,0.0081,0.0126,0.0241,0.0303
2017-30,2.408,0.1724,0.0951,0.0722,0.0142,0.0072,0.0142,0.0251,0.0315
2017-34,2.335,0.1793,0.1007,0.0764,0.0147,0.0077,0.0147,0.0258,0.032
2017-39,2.385,0.1763,0.0982,0.0753,0.0144,0.0073,0.0144,0.0274,0.0336
2017-43,2.368,0.1824,0.1024,0.0785,0.0132,0.007,0.0132,0.0247,0.0298
2017-47,2.393,0.18,0.1005,0.0761,0.0132,0.0075,0.0132,0.0243,0.0302
2017-51,2.36,0.1773,0.1001,0.0758,0.0124,0.0069,0.0124,0.0231,0.0289
2018-05,2.408,0.1845,0.1037,0.0789,0.0137,0.0067,0.0137,0.0234,0.0293
2018-09,2.397,0.1903,0.1087,0.0822,0.0132,0.0065,0.0132,0.0234,0.0291
2018-13,2.389,0.1845,0.104,0.0782,0.0147,0.0069,0.0147,0.0255,0.0316
2018-17,2.427,0.1856,0.1069,0.0809,0.0152,0.0075,0.0152,0.0265,0.0335
2018-22,2.399,0.1897,0.1106,0.0849,0.0151,0.0071,0.0151,0.0255,0.0325
2018-26,2.45,0.1915,0.1147,0.0887,0.0123,0.0058,0.0123,0.0215,0.0273
2018-30,2.396,0.1903,0.1121,0.0861,0.0111,0.0049,0.0111,0.019,0.0242
2018-34,2.446,0.1932,0.1157,0.0907,0.0117,0.0049,0.0117,0.0192,0.0242
2018-39,2.422,0.1865,0.1094,0.0845,0.0135,0.0052,0.0135,0.0221,0.0276
2018-43,2.429,0.201,0.1199,0.0934,0.0132,0.0045,0.0132,0.0207,0.0257
2018-47,2.482,0.1981,0.1147,0.0877,0.0114,0.004,0.0114,0.018,0.0223
2018-51,2.465,0.2052,0.1224,0.0944,0.0124,0.0042,0.0124,0.0177,0.0231
2019-04,2.444,0.1996,0.1165,0.0896,0.0104,0.0035,0.0104,0.0175,0.0219
2019-09,2.51,0.1986,0.1171,0.0913,0.0094,0.0031,0.0094,0.0133,0.0179
2019-13,2.518,0.1922,0.1122,0.087,0.0092,0.0029,0.0092,0.0141,0.0182
2019-18,2.535,0.1997,0.1204,0.0955,0.0091,0.0036,0.0091,0.0121,0.0167
2019-22,2.51,0.1953,0.1142,0.0887,0.0091,0.0039,0.0091,0.0121,0.0169
2019-26,2.503,0.1906,0.1112,0.0862,0.0107,0.005,0.0107,0.0128,0.0189
2019-30,2.49,0.1947,0.1147,0.0895,0.0115,0.0057,0.0115,0.0131,0.02
2019-35,2.499,0.1987,0.1181,0.0929,0.0118,0.0058,0.0118,0.013,0.02
2019-39,2.503,0.1918,0.113,0.0887,0.0117,0.0055,0.0117,0.0135,0.0204
2019-43,2.518,0.2013,0.1216,0.0967,0.0144,0.0073,0.0144,0.0148,0.0239
2019-47,2.529,0.1971,0.117,0.0916,0.0123,0.0065,0.0123,0.0128,0.0208
2019-51,2.518,0.1843,0.1066,0.0825,0.0138,0.0074,0.0138,0.0142,0.0233
2020-05,2.548,0.1931,0.1129,0.0881,0.0113,0.0061,0.0113,0.0116,0.0192
2020-10,2.516,0.1871,0.1089,0.0842,0.0141,0.0068,0.0141,0.0161,0.0246
2020-16,2.552,0.1947,0.1138,0.0892,0.0093,0.0045,0.0093,0.0114,0.017
2020-24,2.509,0.1969,0.1179,0.0926,0.0124,0.0052,0.0124,0.0155,0.0221
2020-29,2.551,0.1996,0.119,0.0933,0.0111,0.005,0.0111,0.013,0.0193
2020-34,2.565,0.1938,0.1151,0.0903,0.013,0.0059,0.013,0.0142,0.0217
2020-40,2.552,0.2189,0.1333,0.1044,0.0116,0.0044,0.0116,0.013,0.0193
2020-45,2.628,0.2204,0.1324,0.1016,0.0128,0.0051,0.0128,0.0139,0.021
2020-50,2.633,0.2219,0.1328,0.101,0.0115,0.0046,0.0115,0.0125,0.0192
2021-04,2.657,0.232,0.136,0.1016,0.0091,0.0039,0.0091,0.0115,0.0167
2021-10,2.699,0.2415,0.1413,0.1044,0.0107,0.0048,0.0107,0.012,0.0186
2021-17,2.704,0.2391,0.1366,0.1011,0.0088,0.0043,0.0088,0.0106,0.0161
2021-21,2.723,0.2286,0.1275,0.0936,0.0106,0.005,0.0106,0.0113,0.0178
2021-25,2.747,0.2296,0.1255,0.0918,0.0121,0.0059,0.0121,0.0138,0.0211
2021-31,2.723,0.2295,0.128,0.0947,0.008,0.0038,0.008,0.0097,0.0146
2021-39,2.759,0.2203,0.1185,0.0873,0.0099,0.0045,0.0099,0.0113,0.0172
2021-43,2.791,0.231,0.1246,0.0902,0.0085,0.0041,0.0085,0.0096,0.0148
2021-49,2.849,0.217,0.1113,0.0796,0.0113,0.005,0.0113,0.0121,0.0189
2022-05,2.829,0.2192,0.113,0.0816,0.0092,0.0044,0.0092,0.0096,0.0153
2022-21,2.746,0.2194,0.1191,0.0889,0.011,0.0035,0.011,0.0112,0.0174
2022-27,2.762,0.2112,0.1129,0.0835,0.0106,0.0033,0.0106,0.0108,0.0167
2022-33,2.81,0.2104,0.1096,0.0794,0.0126,0.004,0.0126,0.0139,0.0208
2022-40,2.81,0.2163,0.1172,0.0867,0.0085,0.0027,0.0085,0.0097,0.0144
2022-49,2.805,0.2129,0.1153,0.0861,0.008,0.0022,0.008,0.0097,0.0139
2023-06,2.789,0.2072,0.1125,0.084,0.008,0.0023,0.008,0.0101,0.0143
2023-14,2.884,0.2077,0.1136,0.0849,0.0091,0.0028,0.0091,0.0118,0.0163
2023-23,2.87,0.2021,0.1129,0.0851,0.0089,0.0029,0.0089,0.0125,0.017
2023-40,2.816,0.2065,0.1143,0.085,0.0087,0.0031,0.0087,0.01,0.0151
2023-50,2.786,0.206,0.1151,0.0864,0.0113,0.0047,0.0113,0.0114,0.0186
2024-10,2.796,0.1951,0.1082,0.0812,0.0122,0.0046,0.0122,0.0132,0.0199
2024-18,2.804,0.1883,0.1046,0.0791,0.0129,0.0051,0.0129,0.0139,0.0212
2024-22,2.787,0.1858,0.1032,0.0783,0.0128,0.0049,0.0128,0.0146,0.0221
2024-26,2.796,0.184,0.1018,0.0772,0.0127,0.0052,0.0127,0.0142,0.0219
2024-30,2.804,0.1802,0.0988,0.075,0.0114,0.0039,0.0114,0.0142,0.0205
2024-33,2.794,0.1763,0.0965,0.0727,0.0125,0.0039,0.0125,0.0161,0.0228
2024-38,2.803,0.1841,0.1021,0.0777,0.0102,0.003,0.0102,0.0136,0.019
2024-42,2.815,0.1779,0.0976,0.0744,0.0102,0.0022,0.0102,0.0155,0.0205
2024-46,2.815,0.1815,0.1004,0.0766,0.0101,0.002,0.0101,0.0151,0.0196
2024-51,2.715,0.1738,0.0962,0.0724,0.0086,0.0019,0.0086,0.0132,0.0168
2025-05,2.788,0.1891,0.1098,0.0851,0.0084,0.0018,0.0084,0.0121,0.0161
2025-08,2.823,0.1966,0.1212,0.098,0.0097,0.0019,0.0097,0.0131,0.0177
2025-13,2.773,0.1787,0.102,0.078,0.0117,0.0018,0.0117,0.0147,0.0199
2025-18,2.796,0.1834,0.1071,0.0832,0.0103,0.0019,0.0103,0.0137,0.0186
2025-21,2.785,0.1776,0.1022,0.0787,0.01,0.0017,0.01,0.0139,0.0185
2025-26,2.804,0.1708,0.098,0.0752,0.0106,0.0016,0.0106,0.0142,0.0191
