dump,type_wh,type_polar,type_tag,type_imperative-interrogative,type_elliptical,type_other,pct_first,pct_second,pct_impersonal,pct_scaffolded,mean_tokens,n
2013-20,0.7257,0.2453,0.0076,0.0091,0.0016,0.0107,0.2461,0.301,0.4528,0.0997,13.441,20000
2013-48,0.716,0.2549,0.0059,0.0094,0.0024,0.0114,0.2428,0.3023,0.4549,0.0961,13.487,20000
2014-10,0.7186,0.2524,0.0066,0.0101,0.0022,0.0101,0.2384,0.3026,0.459,0.0985,13.451,20000
2014-15,0.7196,0.249,0.0063,0.0092,0.0031,0.0127,0.2395,0.2928,0.4677,0.1021,13.283,20000
2014-23,0.7217,0.2478,0.0065,0.0108,0.0019,0.0113,0.2331,0.3082,0.4587,0.0973,13.466,20000
2014-35,0.726,0.2472,0.0057,0.0095,0.0018,0.0097,0.2389,0.3004,0.4607,0.0988,13.434,20000
2014-41,0.7196,0.2504,0.0062,0.0113,0.0024,0.0101,0.2327,0.3075,0.4598,0.0959,13.419,20000
2014-42,0.72,0.2506,0.0069,0.0103,0.0023,0.0098,0.2427,0.3142,0.4431,0.0998,13.371,20000
2014-49,0.7164,0.2537,0.0061,0.0106,0.0025,0.0107,0.2326,0.3098,0.4577,0.0953,13.254,20000
2014-52,0.7188,0.2516,0.0073,0.0092,0.0018,0.0112,0.2377,0.3048,0.4576,0.0984,13.532,20000
2015-06,0.7244,0.2469,0.0063,0.0095,0.0022,0.0108,0.2303,0.3105,0.4592,0.0993,13.246,20000
2015-11,0.7217,0.2509,0.0069,0.008,0.0018,0.0107,0.2377,0.3069,0.4555,0.103,13.41,20000
2015-14,0.7187,0.253,0.006,0.0097,0.0022,0.0106,0.2364,0.3013,0.4623,0.1006,13.351,20000
2015-18,0.7217,0.2501,0.0057,0.0102,0.0018,0.0105,0.2424,0.298,0.4595,0.0996,13.447,20000
2015-22,0.721,0.2512,0.0059,0.0089,0.0024,0.0106,0.2371,0.3039,0.4591,0.1008,13.584,20000
2015-27,0.7205,0.2518,0.0064,0.0089,0.0021,0.0103,0.2323,0.3063,0.4615,0.0997,13.474,20000
2015-32,0.7206,0.2517,0.006,0.0092,0.0019,0.0106,0.2336,0.3093,0.4571,0.1016,13.279,20000
2015-35,0.7254,0.2467,0.0066,0.0089,0.0024,0.01,0.2326,0.3045,0.4628,0.1034,13.333,20000
2015-40,0.7231,0.2477,0.0065,0.0094,0.0026,0.0107,0.2435,0.3044,0.4521,0.1007,13.456,20000
2015-48,0.7264,0.2449,0.0066,0.0103,0.0018,0.01,0.2441,0.3004,0.4556,0.1,13.383,20000
2016-07,0.7178,0.2543,0.0065,0.0092,0.0024,0.0097,0.2429,0.2922,0.4648,0.1029,13.332,20000
2016-18,0.7257,0.2475,0.0062,0.0089,0.0022,0.0094,0.2394,0.3019,0.4587,0.0993,13.448,20000
2016-22,0.7268,0.2442,0.0065,0.01,0.0016,0.0111,0.2404,0.3034,0.4563,0.0997,13.381,20000
2016-26,0.7178,0.2541,0.006,0.0086,0.0022,0.0112,0.238,0.3025,0.4595,0.0935,13.454,20000
2016-30,0.7181,0.2521,0.0068,0.0086,0.0028,0.0115,0.2444,0.2915,0.4642,0.1,13.313,20000
2016-36,0.7258,0.2473,0.0063,0.0092,0.0026,0.0087,0.2494,0.297,0.4536,0.1051,13.429,20000
2016-40,0.7247,0.2473,0.0068,0.0092,0.0026,0.0095,0.2362,0.3034,0.4605,0.1028,13.36,20000
2016-44,0.7132,0.2584,0.0063,0.0086,0.0022,0.0113,0.2414,0.3135,0.4451,0.0965,13.238,20000
2016-50,0.7242,0.2475,0.0059,0.0095,0.002,0.0109,0.234,0.3148,0.4512,0.099,13.302,20000
2017-04,0.7208,0.2511,0.0056,0.0102,0.0026,0.0097,0.2439,0.3114,0.4448,0.0998,13.245,20000
2017-09,0.721,0.2482,0.0063,0.01,0.002,0.0125,0.2452,0.3125,0.4423,0.1008,13.408,20000
2017-13,0.727,0.245,0.0067,0.0084,0.0022,0.0106,0.2474,0.3251,0.4275,0.1001,13.242,20000
2017-17,0.7265,0.2435,0.0064,0.0094,0.0021,0.0121,0.2492,0.3187,0.4321,0.0975,13.189,20000
2017-22,0.7326,0.2376,0.0076,0.0106,0.0021,0.0097,0.2525,0.3331,0.4144,0.097,13.185,20000
2017-26,0.7401,0.2314,0.0072,0.0104,0.0016,0.0094,0.2609,0.3312,0.4079,0.0945,13.219,20000
2017-30,0.7333,0.2387,0.0069,0.0091,0.0023,0.0097,0.2622,0.3263,0.4114,0.1039,13.092,20000
2017-34,0.7292,0.2427,0.0069,0.01,0.0021,0.0091,0.2677,0.3298,0.4024,0.1013,13.183,20000
2017-39,0.7259,0.2452,0.0071,0.0103,0.0019,0.0095,0.2611,0.3347,0.4042,0.0984,13.105,20000
2017-43,0.7298,0.2407,0.0078,0.0108,0.0019,0.0089,0.2725,0.3271,0.4004,0.0979,13.193,20000
2017-47,0.7308,0.2384,0.0076,0.0106,0.0024,0.01,0.2605,0.3326,0.4069,0.0981,13.136,20000
2017-51,0.7325,0.239,0.0073,0.0103,0.0026,0.0083,0.2574,0.3348,0.4078,0.0969,13.129,20000
2018-05,0.735,0.2356,0.0072,0.01,0.0021,0.0101,0.2573,0.3262,0.4165,0.0996,13.289,20000
2018-09,0.7308,0.2397,0.0066,0.0106,0.0024,0.01,0.2599,0.3323,0.4078,0.0925,12.936,20000
2018-13,0.726,0.2427,0.0066,0.0111,0.0021,0.0115,0.2584,0.3348,0.4068,0.0974,13.186,20000
2018-17,0.7342,0.2374,0.0055,0.0106,0.0026,0.0097,0.25,0.3399,0.4101,0.0939,13.05,20000
2018-22,0.7286,0.2387,0.0067,0.0109,0.0021,0.0131,0.2507,0.3342,0.415,0.0915,13.233,20000
2018-26,0.7291,0.2405,0.0066,0.0106,0.003,0.0102,0.2508,0.3387,0.4106,0.0935,13.115,20000
2018-30,0.7327,0.2389,0.0066,0.0112,0.0022,0.0086,0.2612,0.3311,0.4077,0.0921,13.146,20000
2018-34,0.7261,0.2414,0.0072,0.0117,0.0019,0.0117,0.245,0.3467,0.4083,0.0908,13.148,20000
2018-39,0.732,0.2384,0.0059,0.0101,0.0029,0.0107,0.2461,0.3523,0.4016,0.0907,13.11,20000
2018-43,0.728,0.2419,0.0069,0.0112,0.0024,0.0095,0.2427,0.345,0.4123,0.0843,12.973,20000
2018-47,0.7183,0.2525,0.007,0.0106,0.0029,0.0088,0.2387,0.3427,0.4187,0.0834,13.008,20000
2018-51,0.7325,0.2415,0.0054,0.0097,0.0021,0.0088,0.2442,0.3532,0.4027,0.0847,12.878,20000
2019-04,0.7362,0.2351,0.0056,0.0097,0.0027,0.0106,0.2335,0.3545,0.412,0.0849,12.99,20000
2019-09,0.7362,0.2366,0.0059,0.0109,0.0021,0.0083,0.2407,0.3633,0.3961,0.0824,12.883,20000
2019-13,0.7341,0.2382,0.0069,0.0103,0.0024,0.008,0.242,0.3564,0.4016,0.0846,12.805,20000
2019-18,0.7288,0.2432,0.0066,0.0105,0.0021,0.0089,0.2444,0.3529,0.4027,0.081,12.682,20000
2019-22,0.7288,0.244,0.0066,0.01,0.0021,0.0084,0.2376,0.3564,0.406,0.0829,12.728,20000
2019-26,0.7381,0.2343,0.0056,0.0106,0.0025,0.0088,0.2414,0.3553,0.4033,0.0857,12.843,20000
2019-30,0.7365,0.2376,0.0061,0.0092,0.0015,0.0091,0.2351,0.3638,0.4011,0.0801,12.663,20000
2019-35,0.7379,0.2351,0.0069,0.0103,0.0027,0.0071,0.2301,0.3701,0.3997,0.0784,12.891,20000
2019-39,0.737,0.2368,0.0059,0.0103,0.0019,0.0081,0.2387,0.3577,0.4036,0.0823,12.819,20000
2019-43,0.7374,0.2349,0.0056,0.0114,0.0016,0.0091,0.2367,0.3628,0.4005,0.0822,12.832,20000
2019-47,0.7228,0.248,0.0075,0.0109,0.0021,0.0086,0.2546,0.3467,0.3987,0.0848,12.775,20000
2019-51,0.7337,0.237,0.0067,0.0107,0.0025,0.0094,0.2344,0.3555,0.4101,0.081,12.74,20000
2020-05,0.7322,0.2407,0.0058,0.01,0.0022,0.0091,0.2381,0.3579,0.4041,0.0771,12.595,20000
2020-10,0.7323,0.2394,0.0068,0.0106,0.0021,0.0087,0.234,0.3443,0.4217,0.0771,12.685,20000
2020-16,0.7356,0.236,0.0055,0.0122,0.0025,0.0083,0.2346,0.3556,0.4098,0.0794,12.644,20000
2020-24,0.7283,0.2464,0.0065,0.0095,0.002,0.0073,0.2542,0.3496,0.3962,0.0832,12.851,20000
2020-29,0.7322,0.2406,0.0066,0.0099,0.0019,0.0088,0.2521,0.3526,0.3952,0.0825,12.839,20000
2020-34,0.7327,0.2376,0.0072,0.0097,0.0021,0.0107,0.2304,0.3501,0.4194,0.0805,12.665,20000
2020-40,0.735,0.2379,0.0065,0.0101,0.0022,0.0082,0.236,0.3573,0.4068,0.0801,12.612,20000
2020-45,0.729,0.2439,0.0059,0.01,0.0027,0.0084,0.2295,0.3457,0.4249,0.0791,12.398,20000
2020-50,0.733,0.2396,0.006,0.0106,0.0026,0.0081,0.2331,0.3469,0.4199,0.076,12.419,20000
2021-04,0.7349,0.2377,0.0066,0.0104,0.0022,0.0082,0.2308,0.3458,0.4234,0.0726,12.429,20000
2021-10,0.7288,0.2452,0.0053,0.0096,0.0023,0.0088,0.226,0.3338,0.4402,0.0747,12.142,20000
2021-17,0.7324,0.2414,0.0063,0.0093,0.0014,0.0092,0.2253,0.3388,0.436,0.0743,12.45,20000
2021-21,0.7268,0.2469,0.0052,0.0091,0.0017,0.0103,0.223,0.3403,0.4366,0.0699,12.246,20000
2021-25,0.7317,0.2417,0.0053,0.0092,0.0024,0.0097,0.2268,0.3251,0.4482,0.0747,12.251,20000
2021-31,0.7377,0.2348,0.007,0.01,0.0021,0.0084,0.2298,0.3365,0.4338,0.0781,12.416,20000
2021-39,0.7356,0.2404,0.005,0.0092,0.0026,0.0073,0.2248,0.3224,0.4528,0.0761,12.335,20000
2021-43,0.741,0.2327,0.0059,0.0097,0.0021,0.0086,0.2301,0.3338,0.4361,0.0819,12.494,20000
2021-49,0.7279,0.2435,0.0056,0.0107,0.0027,0.0095,0.2392,0.3191,0.4416,0.0809,12.507,20000
2022-05,0.7295,0.2455,0.006,0.0089,0.0018,0.0083,0.2436,0.3255,0.4309,0.0775,12.496,20000
2022-21,0.7381,0.2353,0.0059,0.0097,0.0022,0.0088,0.2235,0.3302,0.4462,0.0716,12.224,20000
2022-27,0.7364,0.2356,0.0056,0.009,0.0032,0.0103,0.2157,0.3327,0.4517,0.075,12.349,20000
2022-33,0.7367,0.2372,0.0047,0.0083,0.0032,0.0099,0.2152,0.3185,0.4662,0.0707,12.205,20000
2022-40,0.7405,0.2316,0.006,0.0098,0.003,0.0091,0.2197,0.3353,0.4451,0.0732,12.246,20000
2022-49,0.7456,0.2303,0.0052,0.0091,0.0023,0.0076,0.2092,0.3395,0.4513,0.0684,12.097,20000
2023-06,0.7375,0.2351,0.0069,0.0095,0.0023,0.0089,0.2232,0.3326,0.4442,0.0754,12.11,20000
2023-14,0.7403,0.237,0.0049,0.0086,0.0029,0.0062,0.2081,0.3281,0.4638,0.0698,11.992,20000
2023-23,0.7367,0.2381,0.0055,0.0089,0.0029,0.0078,0.2281,0.3167,0.4551,0.0663,12.228,20000
2023-40,0.7308,0.2457,0.0053,0.0085,0.0029,0.0066,0.2041,0.3249,0.4711,0.0669,11.78,20000
2023-50,0.7419,0.2352,0.0059,0.0076,0.0019,0.0075,0.2119,0.3221,0.4659,0.0614,11.913,20000
2024-10,0.7292,0.249,0.0056,0.0077,0.0022,0.0063,0.2213,0.3281,0.4506,0.0629,11.837,20000
2024-18,0.7327,0.2433,0.0063,0.008,0.0022,0.0076,0.2147,0.3157,0.4696,0.0664,11.971,20000
2024-22,0.7273,0.2499,0.0052,0.0085,0.0029,0.0063,0.226,0.3171,0.4569,0.0643,11.926,20000
2024-26,0.7394,0.2371,0.0053,0.0077,0.0023,0.0081,0.215,0.322,0.463,0.0632,11.99,20000
2024-30,0.7332,0.2435,0.005,0.0088,0.0021,0.0074,0.215,0.3189,0.4662,0.0601,11.915,20000
2024-33,0.7307,0.247,0.0054,0.0078,0.0024,0.0068,0.2184,0.3019,0.4797,0.0657,12.01,20000
2024-38,0.7365,0.2414,0.0056,0.0089,0.0024,0.0052,0.2198,0.3177,0.4625,0.0611,11.983,20000
2024-42,0.7389,0.2377,0.0057,0.008,0.0024,0.0073,0.2168,0.3026,0.4805,0.0595,11.834,20000
2024-46,0.7387,0.2387,0.0048,0.0076,0.0024,0.0077,0.2165,0.3035,0.4799,0.0597,11.829,20000
2024-51,0.7414,0.2374,0.0049,0.0073,0.0026,0.0064,0.2108,0.3084,0.4808,0.0609,11.679,20000
2025-05,0.7355,0.244,0.0052,0.0077,0.002,0.0056,0.2115,0.3105,0.478,0.0613,11.754,20000
2025-08,0.7303,0.2481,0.0046,0.0083,0.002,0.0066,0.2133,0.2997,0.487,0.06,11.77,20000
2025-13,0.7344,0.2427,0.006,0.0073,0.0024,0.0072,0.2163,0.3007,0.483,0.0582,11.724,20000
2025-18,0.7388,0.2394,0.0049,0.0082,0.0026,0.0062,0.2182,0.3025,0.4793,0.0601,11.762,20000
2025-21,0.7384,0.2382,0.0044,0.0089,0.0022,0.0078,0.2158,0.3044,0.4798,0.0588,11.762,20000
2025-26,0.7378,0.2379,0.0066,0.0084,0.0022,0.0071,0.2192,0.2953,0.4855,0.0566,11.781,20000
