dump,genuine-UGC,manufactured-template,commerce-faq,editorial,unknown,genuine_binary,n
2013-20,0.0743,0.1641,0.0078,0.1414,0.6123,0.1918,96480861
2013-48,0.097,0.1614,0.0094,0.1416,0.5905,0.237,94778049
2014-10,0.1043,0.1453,0.0099,0.1367,0.6039,0.2633,93081930
2014-15,0.0955,0.1449,0.0094,0.1364,0.6138,0.2472,87169967
2014-23,0.1096,0.1454,0.0092,0.1433,0.5926,0.269,97739931
2014-35,0.1024,0.1434,0.0086,0.1447,0.601,0.2565,91579121
2014-41,0.1,0.1449,0.0087,0.1478,0.5986,0.2492,93415975
2014-42,0.0903,0.1439,0.0076,0.1484,0.6098,0.2314,85609597
2014-49,0.0842,0.1378,0.0073,0.1521,0.6187,0.2207,73463236
2014-52,0.1002,0.141,0.0089,0.1529,0.597,0.2486,88741725
2015-06,0.091,0.1391,0.0089,0.1636,0.5974,0.2261,81510838
2015-11,0.0919,0.1414,0.009,0.1502,0.6076,0.2341,84136451
2015-14,0.0889,0.1399,0.0086,0.1514,0.6112,0.2286,78316251
2015-18,0.0952,0.1415,0.0099,0.1502,0.6032,0.24,89139856
2015-22,0.0911,0.1419,0.0095,0.1502,0.6073,0.2319,87971960
2015-27,0.0906,0.1375,0.0091,0.1526,0.6102,0.2325,78055406
2015-32,0.091,0.1376,0.0091,0.1524,0.6098,0.2332,82175060
2015-35,0.0912,0.1374,0.009,0.1522,0.6102,0.234,82464320
2015-40,0.0904,0.1304,0.0082,0.1538,0.6171,0.236,65239983
2015-48,0.0907,0.137,0.009,0.1548,0.6085,0.2317,81673758
2016-07,0.09,0.1365,0.0091,0.1566,0.6078,0.2294,79170189
2016-18,0.0892,0.131,0.0094,0.1595,0.6108,0.2293,69275053
2016-22,0.0847,0.1331,0.0096,0.1563,0.6163,0.2206,70645456
2016-26,0.088,0.1242,0.0096,0.1702,0.6081,0.2245,57552050
2016-30,0.0895,0.1356,0.0101,0.1544,0.6104,0.2297,78558112
2016-36,0.0831,0.1362,0.01,0.155,0.6157,0.2161,76668122
2016-40,0.0745,0.1411,0.008,0.1561,0.6203,0.1963,88291738
2016-44,0.1054,0.1486,0.0086,0.135,0.6024,0.2652,106512962
2016-50,0.0826,0.151,0.0084,0.1441,0.6139,0.2139,102827876
2017-04,0.0813,0.1551,0.0086,0.1396,0.6154,0.2113,110147136
2017-09,0.0713,0.1608,0.0088,0.151,0.6081,0.182,118542114
2017-13,0.0531,0.1767,0.0084,0.179,0.5829,0.1272,146847014
2017-17,0.0459,0.178,0.0081,0.1986,0.5694,0.1065,152010111
2017-22,0.0393,0.1654,0.0092,0.1953,0.5907,0.0961,113898376
2017-26,0.0303,0.1752,0.009,0.2023,0.5831,0.0727,132662922
2017-30,0.0316,0.1684,0.0089,0.186,0.6051,0.0799,114661092
2017-34,0.032,0.1754,0.0094,0.2221,0.5611,0.0729,134145030
2017-39,0.0335,0.1723,0.0097,0.1869,0.5975,0.0833,116366783
2017-43,0.0298,0.1788,0.0101,0.205,0.5764,0.0704,144039048
2017-47,0.0301,0.1763,0.0095,0.1834,0.6007,0.0754,117885858
2017-51,0.0288,0.1739,0.0096,0.2066,0.5811,0.0688,117314299
2018-05,0.0292,0.1808,0.01,0.1538,0.6262,0.078,127476823
2018-09,0.029,0.1864,0.0107,0.1855,0.5885,0.0704,127540247
2018-13,0.0314,0.1804,0.0105,0.1794,0.5983,0.0782,122952702
2018-17,0.0332,0.1812,0.0112,0.1358,0.6386,0.0919,111675925
2018-22,0.0322,0.1852,0.0111,0.1686,0.6029,0.0811,102269121
2018-26,0.027,0.1874,0.0099,0.1468,0.6288,0.0728,120182775
2018-30,0.0239,0.1867,0.0096,0.2053,0.5744,0.0562,131843654
2018-34,0.0238,0.1902,0.0124,0.1038,0.6699,0.0721,101221340
2018-39,0.0272,0.1831,0.0113,0.1123,0.666,0.0816,107291967
2018-43,0.0253,0.1977,0.0131,0.1061,0.6579,0.0738,113407799
2018-47,0.0219,0.1954,0.0122,0.1018,0.6687,0.0661,105866281
2018-51,0.0228,0.2023,0.0128,0.0923,0.6698,0.0689,124841292
2019-04,0.0217,0.1969,0.0121,0.1036,0.6658,0.0648,112222862
2019-09,0.0177,0.1963,0.0127,0.0806,0.6929,0.0575,122692373
2019-13,0.018,0.1898,0.0124,0.0812,0.6986,0.0596,108171347
2019-18,0.0165,0.1975,0.0128,0.0747,0.6986,0.0546,112347586
2019-22,0.0167,0.1932,0.0149,0.0842,0.6909,0.0541,113623609
2019-26,0.0187,0.1883,0.013,0.082,0.698,0.062,109489393
2019-30,0.0198,0.1923,0.0154,0.0813,0.6912,0.0641,110621087
2019-35,0.0198,0.1963,0.013,0.0769,0.6939,0.0648,121172782
2019-39,0.0202,0.1895,0.0129,0.08,0.6974,0.0667,104655062
2019-43,0.0237,0.1986,0.0128,0.0752,0.6898,0.0763,110998064
2019-47,0.0206,0.1947,0.013,0.0727,0.699,0.0684,105799812
2019-51,0.023,0.1817,0.0134,0.0763,0.7055,0.0782,94897208
2020-05,0.0189,0.1909,0.0135,0.071,0.7057,0.0643,131311192
2020-10,0.0243,0.1844,0.0133,0.0726,0.7053,0.0826,95884952
2020-16,0.0167,0.1928,0.0139,0.0657,0.7109,0.0578,124216507
2020-24,0.0218,0.1944,0.0132,0.0739,0.6966,0.072,106365952
2020-29,0.0191,0.1974,0.0142,0.071,0.6983,0.0634,134209104
2020-34,0.0215,0.1914,0.015,0.0732,0.6988,0.0715,101653493
2020-40,0.0191,0.2166,0.0134,0.0643,0.6866,0.0609,154976762
2020-45,0.0208,0.218,0.0138,0.0674,0.68,0.0649,117114699
2020-50,0.019,0.2197,0.0142,0.062,0.6851,0.0602,117769049
2021-04,0.0165,0.2296,0.0136,0.0615,0.6789,0.0513,161334586
2021-10,0.0185,0.2389,0.0137,0.0636,0.6653,0.0552,131296289
2021-17,0.0159,0.2367,0.013,0.0628,0.6715,0.0483,159912258
2021-21,0.0176,0.2261,0.0137,0.0671,0.6755,0.0542,126657528
2021-25,0.0208,0.2269,0.0141,0.0654,0.6729,0.0637,118942916
2021-31,0.0144,0.2275,0.0137,0.0633,0.6811,0.0451,175450198
2021-39,0.017,0.2182,0.0143,0.0659,0.6847,0.0539,148281785
2021-43,0.0146,0.2291,0.014,0.0638,0.6785,0.0453,178863503
2021-49,0.0186,0.2147,0.0153,0.0644,0.687,0.0595,118321784
2022-05,0.0151,0.2173,0.0147,0.0615,0.6914,0.049,154955457
2022-21,0.0172,0.2172,0.0145,0.0606,0.6905,0.0556,192110009
2022-27,0.0165,0.209,0.0147,0.0635,0.6963,0.0543,171152730
2022-33,0.0206,0.2081,0.015,0.065,0.6914,0.0668,125888315
2022-40,0.0142,0.2144,0.0156,0.0621,0.6937,0.0464,188190779
2022-49,0.0137,0.2109,0.0154,0.0611,0.6989,0.0455,192954810
2023-06,0.0141,0.205,0.0147,0.0625,0.7036,0.0477,192132722
2023-14,0.0162,0.2054,0.0151,0.0647,0.6985,0.0537,194966503
2023-23,0.0168,0.1994,0.0143,0.0657,0.7038,0.0568,206478808
2023-40,0.0149,0.2042,0.0158,0.0553,0.7098,0.0513,204089230
2023-50,0.0184,0.2032,0.0161,0.0556,0.7068,0.0627,193079795
2024-10,0.0197,0.1924,0.0172,0.0591,0.7115,0.0683,179747764
2024-18,0.021,0.1857,0.0171,0.0596,0.7167,0.0741,159912254
2024-22,0.0219,0.1829,0.0169,0.0598,0.7186,0.0777,151705061
2024-26,0.0217,0.1812,0.0168,0.0604,0.7199,0.0774,150448327
2024-30,0.0203,0.1774,0.0174,0.0601,0.7247,0.0739,135049876
2024-33,0.0226,0.173,0.0175,0.0623,0.7246,0.0819,118402692
2024-38,0.0187,0.1808,0.0177,0.0592,0.7235,0.0678,152536727
2024-42,0.0202,0.1741,0.0179,0.0619,0.7259,0.0738,129118662
2024-46,0.0194,0.1778,0.0178,0.0612,0.7238,0.0702,142012748
2024-51,0.0166,0.1709,0.0189,0.0593,0.7343,0.0625,106735268
2025-05,0.0158,0.1866,0.0183,0.0593,0.7199,0.0565,167669554
2025-08,0.0174,0.1939,0.0179,0.0606,0.7102,0.0601,141334443
2025-13,0.0197,0.1758,0.0191,0.0601,0.7253,0.0719,144841406
2025-18,0.0184,0.1806,0.0189,0.0604,0.7216,0.066,151726465
2025-21,0.0183,0.1751,0.0185,0.0616,0.7266,0.0668,137754627
2025-26,0.019,0.1681,0.0186,0.0637,0.7305,0.0704,124556759
