dump,era,unknown,genuine_adj_0.0000,genuine_adj_0.0816,genuine_adj_0.2500,genuine_adj_0.5000
2013-20,Baseline,0.6123,0.0743,0.124284,0.227375,0.38045
2013-48,Baseline,0.5905,0.097,0.145204,0.244625,0.39225
2014-10,Baseline,0.6039,0.1043,0.153598,0.255275,0.40625
2014-15,Baseline,0.6138,0.0955,0.145606,0.24895,0.4024
2014-23,Baseline,0.5926,0.1096,0.157976,0.25775,0.4059
2014-35,Baseline,0.601,0.1024,0.151461,0.25265,0.4029
2014-41,Baseline,0.5986,0.1,0.148865,0.24965,0.3993
2014-42,Baseline,0.6098,0.0903,0.14008,0.24275,0.3952
2014-49,Baseline,0.6187,0.0842,0.134706,0.238875,0.39355
2014-52,Baseline,0.597,0.1002,0.148935,0.24945,0.3987
2015-06,Baseline,0.5974,0.091,0.139767,0.24035,0.3897
2015-11,Baseline,0.6076,0.0919,0.1415,0.2438,0.3957
2015-14,Baseline,0.6112,0.0889,0.138794,0.2417,0.3945
2015-18,Baseline,0.6032,0.0952,0.144441,0.246,0.3968
2015-22,Baseline,0.6073,0.0911,0.140676,0.242925,0.39475
2015-27,Baseline,0.6102,0.0906,0.140412,0.24315,0.3957
2015-32,Baseline,0.6098,0.091,0.14078,0.24345,0.3959
2015-35,Baseline,0.6102,0.0912,0.141012,0.24375,0.3963
2015-40,Baseline,0.6171,0.0904,0.140776,0.244675,0.39895
2015-48,Baseline,0.6085,0.0907,0.140373,0.242825,0.39495
2016-07,Answer-engine-SEO,0.6078,0.09,0.139616,0.24195,0.3939
2016-18,Answer-engine-SEO,0.6108,0.0892,0.139061,0.2419,0.3946
2016-22,Answer-engine-SEO,0.6163,0.0847,0.13501,0.238775,0.39285
2016-26,Answer-engine-SEO,0.6081,0.088,0.137641,0.240025,0.39205
2016-30,Answer-engine-SEO,0.6104,0.0895,0.139329,0.2421,0.3947
2016-36,Answer-engine-SEO,0.6157,0.0831,0.133361,0.237025,0.39095
2016-40,Answer-engine-SEO,0.6203,0.0745,0.125137,0.229575,0.38465
2016-44,Answer-engine-SEO,0.6024,0.1054,0.154576,0.256,0.4066
2016-50,Answer-engine-SEO,0.6139,0.0826,0.132714,0.236075,0.38955
2017-04,Answer-engine-SEO,0.6154,0.0813,0.131537,0.23515,0.389
2017-09,Answer-engine-SEO,0.6081,0.0713,0.120941,0.223325,0.37535
2017-13,Answer-engine-SEO,0.5829,0.0531,0.100684,0.198825,0.34455
2017-17,Answer-engine-SEO,0.5694,0.0459,0.0923816,0.18825,0.3306
2017-22,Answer-engine-SEO,0.5907,0.0393,0.0875204,0.186975,0.33465
2017-26,Answer-engine-SEO,0.5831,0.0303,0.0779,0.176075,0.32185
2017-30,Answer-engine-SEO,0.6051,0.0316,0.0809959,0.182875,0.33415
2017-34,Answer-engine-SEO,0.5611,0.032,0.0778041,0.172275,0.31255
2017-39,Answer-engine-SEO,0.5975,0.0335,0.0822755,0.182875,0.33225
2017-43,Answer-engine-SEO,0.5764,0.0298,0.0768531,0.1739,0.318
2017-47,Answer-engine-SEO,0.6007,0.0301,0.0791367,0.180275,0.33045
2017-51,Answer-engine-SEO,0.5811,0.0288,0.0762367,0.174075,0.31935
2018-05,Answer-engine-SEO,0.6262,0.0292,0.0803184,0.18575,0.3423
2018-09,Answer-engine-SEO,0.5885,0.029,0.0770408,0.176125,0.32325
2018-13,Answer-engine-SEO,0.5983,0.0314,0.0802408,0.180975,0.33055
2018-17,Answer-engine-SEO,0.6386,0.0332,0.0853306,0.19285,0.3525
2018-22,Answer-engine-SEO,0.6029,0.0322,0.0814163,0.182925,0.33365
2018-26,Answer-engine-SEO,0.6288,0.027,0.0783306,0.1842,0.3414
2018-30,Answer-engine-SEO,0.5744,0.0239,0.0707898,0.1675,0.3111
2018-34,Answer-engine-SEO,0.6699,0.0238,0.0784857,0.191275,0.35875
2018-39,Answer-engine-SEO,0.666,0.0272,0.0815673,0.1937,0.3602
2018-43,Answer-engine-SEO,0.6579,0.0253,0.0790061,0.189775,0.35425
2018-47,Answer-engine-SEO,0.6687,0.0219,0.0764878,0.189075,0.35625
2018-51,Answer-engine-SEO,0.6698,0.0228,0.0774776,0.19025,0.3577
2019-04,Answer-engine-SEO,0.6658,0.0217,0.076051,0.18815,0.3546
2019-09,Answer-engine-SEO,0.6929,0.0177,0.0742633,0.190925,0.36415
2019-13,Answer-engine-SEO,0.6986,0.018,0.0750286,0.19265,0.3673
2019-18,Answer-engine-SEO,0.6986,0.0165,0.0735286,0.19115,0.3658
2019-22,Answer-engine-SEO,0.6909,0.0167,0.0731,0.189425,0.36215
2019-26,Answer-engine-SEO,0.698,0.0187,0.0756796,0.1932,0.3677
2019-30,Answer-engine-SEO,0.6912,0.0198,0.0762245,0.1926,0.3654
2019-35,Answer-engine-SEO,0.6939,0.0198,0.0764449,0.193275,0.36675
2019-39,Answer-engine-SEO,0.6974,0.0202,0.0771306,0.19455,0.3689
2019-43,Answer-engine-SEO,0.6898,0.0237,0.0800102,0.19615,0.3686
2019-47,Answer-engine-SEO,0.699,0.0206,0.0776612,0.19535,0.3701
2019-51,Answer-engine-SEO,0.7055,0.023,0.0805918,0.199375,0.37575
2020-05,COVID,0.7057,0.0189,0.0765082,0.195325,0.37175
2020-10,COVID,0.7053,0.0243,0.0818755,0.200625,0.37695
2020-16,COVID,0.7109,0.0167,0.0747327,0.194425,0.37215
2020-24,COVID,0.6966,0.0218,0.0786653,0.19595,0.3701
2020-29,COVID,0.6983,0.0191,0.0761041,0.193675,0.36825
2020-34,COVID,0.6988,0.0215,0.0785449,0.1962,0.3709
2020-40,COVID,0.6866,0.0191,0.075149,0.19075,0.3624
2020-45,COVID,0.68,0.0208,0.0763102,0.1908,0.3608
2020-50,COVID,0.6851,0.019,0.0749265,0.190275,0.36155
2021-04,COVID,0.6789,0.0165,0.0719204,0.186225,0.35595
2021-10,COVID,0.6653,0.0185,0.0728102,0.184825,0.35115
2021-17,COVID,0.6715,0.0159,0.0707163,0.183775,0.35165
2021-21,COVID,0.6755,0.0176,0.0727429,0.186475,0.35535
2021-25,COVID,0.6729,0.0208,0.0757306,0.189025,0.35725
2021-31,COVID,0.6811,0.0144,0.07,0.184675,0.35495
2021-39,COVID,0.6847,0.017,0.0728939,0.188175,0.35935
2021-43,COVID,0.6785,0.0146,0.0699878,0.184225,0.35385
2021-49,COVID,0.687,0.0186,0.0746816,0.19035,0.3621
2022-05,COVID,0.6914,0.0151,0.0715408,0.18795,0.3608
2022-21,COVID,0.6905,0.0172,0.0735673,0.189825,0.36245
2022-27,COVID,0.6963,0.0165,0.0733408,0.190575,0.36465
2022-33,COVID,0.6914,0.0206,0.0770408,0.19345,0.3663
2022-40,COVID,0.6937,0.0142,0.0708286,0.187625,0.36105
2022-49,Early-AI,0.6989,0.0137,0.0707531,0.188425,0.36315
2023-06,Early-AI,0.7036,0.0141,0.0715367,0.19,0.3659
2023-14,Early-AI,0.6985,0.0162,0.0732204,0.190825,0.36545
2023-23,Early-AI,0.7038,0.0168,0.0742531,0.19275,0.3687
2023-40,Early-AI,0.7098,0.0149,0.0728429,0.19235,0.3698
2023-50,Early-AI,0.7068,0.0184,0.076098,0.1951,0.3718
2024-10,Mature-AI,0.7115,0.0197,0.0777816,0.197575,0.37545
2024-18,Mature-AI,0.7167,0.021,0.0795061,0.200175,0.37935
2024-22,Mature-AI,0.7186,0.0219,0.0805612,0.20155,0.3812
2024-26,Mature-AI,0.7199,0.0217,0.0804673,0.201675,0.38165
2024-30,Mature-AI,0.7247,0.0203,0.0794592,0.201475,0.38265
2024-33,Mature-AI,0.7246,0.0226,0.081751,0.20375,0.3849
2024-38,Mature-AI,0.7235,0.0187,0.0777612,0.199575,0.38045
2024-42,Mature-AI,0.7259,0.0202,0.0794571,0.201675,0.38315
2024-46,Mature-AI,0.7238,0.0194,0.0784857,0.20035,0.3813
2024-51,Mature-AI,0.7343,0.0166,0.0765429,0.200175,0.38375
2025-05,Mature-AI,0.7199,0.0158,0.0745673,0.195775,0.37575
2025-08,Mature-AI,0.7102,0.0174,0.0753755,0.19495,0.3725
2025-13,Mature-AI,0.7253,0.0197,0.0789082,0.201025,0.38235
2025-18,Mature-AI,0.7216,0.0184,0.0773061,0.1988,0.3792
2025-21,Mature-AI,0.7266,0.0183,0.0776143,0.19995,0.3816
2025-26,Mature-AI,0.7305,0.019,0.0786327,0.201625,0.38425
