host,category
www.fanfiction.net,other
www.bookrags.com,other
issuu.com,other
hubpages.com,other
edition.cnn.com,editorial
bleacherreport.com,editorial
www.theguardian.com,editorial
transcripts.cnn.com,editorial
www.freerepublic.com,other
www.pbs.org,other
www.harrypotterfanfiction.com,other
www.icty.org,other
slideplayer.com,other
hansard.parliament.uk,other
www.huffingtonpost.com,editorial
archiveofourown.org,other
www.forbes.com,editorial
www.washingtonpost.com,editorial
www.academyofbards.org,other
www.literotica.com,other
www.gsmarena.com,other
www.gty.org,other
www.patheos.com,editorial
www.justanswer.com,other
www.mumsnet.com,other
www.cnn.com,editorial
www.medhelp.org,faq
www.theatlantic.com,editorial
www.crosswalk.com,other
www.nbcnews.com,editorial
www.fictionpress.com,other
nrich.maths.org,other
www.npr.org,editorial
www.thebody.com,other
ask.metafilter.com,other
www.shameface.com.wstub.archive.org,other
www.realself.com,other
quizlet.com,other
forums.theregister.co.uk,ugc
hansard.millbanksystems.com,other
medium.com,editorial
www.creativelive.com,other
hollywoodlife.com,editorial
www.fool.com,editorial
abcnews.go.com,editorial
www.glamour.com,editorial
www.sexstories.com,other
www.slate.com,editorial
www.nytimes.com,editorial
ebooks.adelaide.edu.au,other
www.scribd.com,other
www.foxnews.com,editorial
www.csmonitor.com,other
greatnonprofits.org,other
www.barnesandnoble.com,other
www.vipfaq.com,faq
api.parliament.uk,other
www.theyworkforyou.com,other
www.angelfire.com,other
www.ign.com,other
www.vulture.com,other
en.wikisource.org,other
publications.parliament.uk,other
www.businessinsider.com,editorial
www.faithwriters.com,other
www.publications.parliament.uk,other
news.bbc.co.uk,editorial
forums.macrumors.com,ugc
www.democracynow.org,other
www.entrepreneur.com,other
www.abc.net.au,other
www.healthboards.com,ugc
www.abovetopsecret.com,other
www.fishbowlapp.com,other
moz.com,other
www.inkitt.com,other
www.oldbaileyonline.org,other
www.slideshare.net,other
bible.org,other
hotfreebooks.com,other
www.pearltrees.com,other
www.bellaonline.com,other
muslimcentral.com,other
www.tvfanatic.com,other
stackoverflow.com,other
tvtropes.org,other
freerepublic.com,other
www.ola.org,other
www.nifty.org,other
www.cnet.com,other
www.avclub.com,other
allnurses.com,other
docplayer.net,other
www.rushlimbaugh.com,other
www.tampabay.com,other
www.rediff.com,other
www.girlsaskguys.com,other
www.enotes.com,other
www.telegraph.co.uk,editorial
www.bustle.com,other
www.givemesport.com,other
www.hollywoodreporter.com,editorial
townhall.com,other
www.huffingtonpost.co.uk,editorial
www.twilightarchives.com,other
scienceblogs.com,editorial
www.fastcompany.com,other
mashable.com,editorial
www.lawofone.info,other
www.examiner.com,other
www.huffpost.com,editorial
www.newyorker.com,other
www.imdb.com,other
en.wikipedia.org,other
www.horseforum.com,ugc
www.reddit.com,ugc
www.drugs.com,other
ufdc.ufl.edu,other
www.healthtap.com,other
www.tellyupdates.com,other
www.lionebra.com,other
www.datalounge.com,other
www.zdnet.com,other
brainmass.com,other
www.cafemom.com,other
wol.jw.org,other
www.dooyoo.co.uk,other
www.sparkpeople.com,other
www.brainscape.com,other
www.independent.co.uk,editorial
tvmegasite.net,other
www.thedailybeast.com,other
www.si.com,other
www.cfr.org,other
pjmedia.com,editorial
chowhound.chow.com,other
www.physicsforums.com,ugc
okay.so,other
icty.org,other
blogs.wsj.com,editorial
prezi.com,other
uproxx.com,other
www.sermoncentral.com,other
collider.com,other
sacred-texts.com,other
search.audioburst.com,other
www.popsugar.com,other
www.sheknows.com,other
www.counterpunch.org,other
www.lds.org,other
www.niassembly.gov.uk,other
www.psychologytoday.com,other
www.freezingblue.com,other
articles.chicagotribune.com,other
www.blogtalkradio.com,editorial
www.tropicalfishkeeping.com,other
www.linuxquestions.org,other
www.marxists.org,other
www.villagevoice.com,other
espn.go.com,other
www.popmatters.com,other
www.booksie.com,other
mgoblog.com,editorial
www.rollingstone.com,other
www.cakecentral.com,other
www.latimes.com,editorial
www.westword.com,other
www.coderanch.com,other
althouse.blogspot.com,editorial
www.allinterview.com,other
www.makeuseof.com,other
themeforest.net,other
oll.libertyfund.org,other
mixergy.com,other
thestir.cafemom.com,other
seekingalpha.com,other
www.beliefnet.com,other
www.vice.com,editorial
www.aol.com,other
perezhilton.com,other
thriveglobal.com,other
gutenberg.net.au,other
www.sacred-texts.com,other
community.babycenter.com,ugc
observer.com,other
www.shmoop.com,other
www.indiewire.com,editorial
www.dailymail.co.uk,editorial
www.realitytea.com,other
www.engadget.com,editorial
drownedinsound.com,other
www.complex.com,other
www.wired.com,editorial
www.wikihow.com,other
nypost.com,editorial
www.nj.com,other
everything2.com,other
www.expatistan.com,other
www.travelpod.com,other
www.blackberryforums.com,ugc
www.webmasterworld.com,other
nymag.com,other
www.biblegateway.com,other
www.catholicculture.org,other
techcrunch.com,editorial
www.hotnewhiphop.com,other
www.salon.com,editorial
www.theglobeandmail.com,other
www.esquire.com,other
jezebel.com,other
www.tomshardware.com,other
www.tor.com,other
www.vanityfair.com,other
www.sfgate.com,other
www.nzherald.co.nz,editorial
ew.com,other
n4g.com,other
grantland.com,other
boards.weddingbee.com,ugc
www.geek.com,other
www.comicbookresources.com,other
blog.seattlepi.com,editorial
www.blackhatworld.com,other
thefiringline.com,other
www.baseballprospectus.com,other
metro.co.uk,other
www.inc.com,other
www.politico.com,editorial
www.celebdirtylaundry.com,other
tvseriesfinale.com,other
hbr.org,other
www.houzz.com,other
www.dallasobserver.com,other
forums.adobe.com,ugc
hotair.com,other
archive.org,other
www.newgrounds.com,other
georgewbush-whitehouse.archives.gov,other
gizmodo.com,editorial
www.india-forums.com,ugc
blog.chron.com,editorial
www.startribune.com,other
www.biblestudytools.com,other
www.houstonpress.com,other
theconversation.com,other
blog.timesunion.com,editorial
www.fluther.com,other
finance.yahoo.com,other
www.phoenixnewtimes.com,editorial
www.perlmonks.org,other
divxmoviesenglishsubtitles.com,other
openjurist.org,other
fanfiction.mugglenet.com,other
www.cinemablend.com,other
moviecultists.com,other
lawprofessors.typepad.com,other
www.cargurus.com,other
www.bostonglobe.com,other
www.ocregister.com,other
www.volunteermatch.org,other
www.weddingwire.com,editorial
live.washingtonpost.com,editorial
www.motherjones.com,other
www.cbsnews.com,editorial
www.askmen.com,other
www.cnbc.com,editorial
www.oyez.org,other
takemeback.to,other
www.kickstarter.com,other
okmagazine.com,editorial
itknowledgeexchange.techtarget.com,commerce
www.mtv.com,other
historichansard.net,other
www.ecampus.com,other
chroniclingamerica.loc.gov,other
www.bikeforums.net,ugc
www.miaminewtimes.com,editorial
info.mzalendo.com,other
www.lifehack.org,other
www.aintitcool.com,other
www.buddytv.com,other
ideamensch.com,other
www.mlive.com,other
thoughtcatalog.com,other
www.lawnsite.com,other
ideas.repec.org,other
blogcritics.org,editorial
www.tvguide.com,other
www.experienceproject.com,other
www.thinkatheist.com,other
www.wattpad.com,other
www.elitedaily.com,other
www.rockpapershotgun.com,other
www.desiringgod.org,other
www.espn.com,other
www.kpbs.org,other
www.eonline.com,other
www.today.com,other
www.simonandschuster.com,other
www.apartmenttherapy.com,other
www.chess.com,other
www.audible.com,other
www.carsurvey.org,other
mathhelpforum.com,ugc
soapcentral.com,other
www.randomhouse.com,other
www.3fatchicks.com,other
play.google.com,other
www.backyardchickens.com,other
www.instructables.com,other
freethoughtblogs.com,editorial
ficwad.com,other
www.wnd.com,other
blogs.edweek.org,editorial
www.lexology.com,other
www.gamefaqs.com,faq
www.chicagotribune.com,other
www.aikiweb.com,other
m.fanfiction.net,other
www.hotelplanner.com,other
www.asapsports.com,other
www.adultmatchdoctor.com,other
latimesblogs.latimes.com,editorial
www.docstoc.com,faq
www.moddb.com,other
www.phonearena.com,other
venturebeat.com,other
www.hindustantimes.com,editorial
www.cbn.com,other
tvline.com,other
www.neopets.com,other
www.rogerebert.com,other
www.destructoid.com,other
www.slashfilm.com,other
www.theregister.co.uk,other
www.bbc.co.uk,editorial
www.cbr.com,other
www.chowhound.com,other
www.thriftyfun.com,other
www.fixya.com,other
www.deseretnews.com,editorial
www.abbreviations.com,other
soundbetter.com,other
www.redstate.com,other
kotaku.com,other
voices.washingtonpost.com,editorial
www.marketplace.org,other
www.irishtimes.com,editorial
grist.org,other
articles.latimes.com,editorial
www.aish.com,other
www.buzzfeed.com,editorial
www.interviewmagazine.com,editorial
sites.google.com,other
www.scout.com,other
www.metal-rules.com,other
time.com,editorial
bigthink.com,other
www.tv.com,other
www.smh.com.au,other
www.wetpaint.com,other
docs.justia.com,faq
www.bloomberg.com,editorial
www.newsarama.com,editorial
thekojonnamdishow.org,other
www.jewishpress.com,other
superuser.com,other
www.somethingawful.com,other
www.solutioninn.com,other
dilbert.com,other
www.nybooks.com,other
suptg.thisisnotatrueending.com,other
jalopnik.com,other
www.fansofrealitytv.com,other
deadspin.com,other
www.tumblr.com,editorial
www.al-islam.org,other
www.cracked.com,other
www.laweekly.com,other
www.hwalibrary.com,other
www.thrivetimeshow.com,editorial
www.aaa.si.edu,other
www.elephantjournal.com,editorial
serverfault.com,other
www.seventeen.com,other
www.elle.com,other
forum.xda-developers.com,ugc
www.thekitchn.com,other
gawker.com,other
anabolicminds.com,other
yuki.la,other
4archive.org,other
www.huffingtonpost.ca,editorial
www.product-reviews.net,other
www.movellas.com,other
screenrant.com,other
www.lrb.co.uk,other
forums.cgsociety.org,ugc
www.androidauthority.com,other
wordpress.org,editorial
www.nintendolife.com,other
www.thesun.co.uk,other
slashdot.org,other
slate.com,editorial
www.opednews.com,editorial
www.gamesradar.com,other
blogs.timesofisrael.com,editorial
www.jiskha.com,other
www.thenation.com,other
www.inquisitr.com,other
www.boston.com,other
www.babble.com,other
www.haaretz.com,other
www.techrepublic.com,other
www.edweek.org,other
www.ew.com,other
www.experts-exchange.com,other
www.marksdailyapple.com,other
mangahelpers.com,faq
www.slideserve.com,other
www.infobarrel.com,other
www.christianpost.com,editorial
www.boxingscene.com,other
en.wikiquote.org,other
www.lybrate.com,other
www.answers.com,faq
lists.debian.org,other
mail-index.netbsd.org,other
www.presidency.ucsb.edu,other
quechuaqinti.web.illinois.edu,other
www.christianbook.com,other
www.trekbbs.com,faq
www.commonsensemedia.org,editorial
www.mothering.com,other
www.baltimoresun.com,other
www.teenink.com,other
modmyi.com,other
activerain.com,other
www.bettafish.com,other
www.fda.gov,other
lifehacker.com,other
www.webmd.com,other
www.techradar.com,other
en.godfootsteps.org,other
www.aip.org,other
ia-petabox.archive.org,other
www.gutenberg.org,other
www.groupon.com,commerce
thenextweb.com,other
the-w.com,other
forward.com,other
www.refinery29.com,other
www.airliners.net,other
www.talkbass.com,faq
allhiphop.com,other
www.mmo-champion.com,other
www.dailyherald.com,editorial
www.stuff.co.nz,other
www.yahoo.com,other
tt.tennis-warehouse.com,other
www.adweek.com,other
www.gq.com,other
m.csmonitor.com,other
www.insidehoops.com,other
www.rt.com,other
www.pokecommunity.com,ugc
community.spiceworks.com,ugc
www.cosplay.com,other
www.cleveland.com,other
www.sailnet.com,other
americanliterature.com,other
www.protagonize.com,other
www.excite.com,other
www.sitepoint.com,other
www.scholastic.com,other
www.thetoptens.com,other
www.liquidimageco.com,other
www.ibm.com,other
www.defense.gov,other
arstechnica.com,other
www.vesselfinder.com,other
www.seriouseats.com,other
us.cnn.com,editorial
www.hotrodders.com,other
www.autostraddle.com,other
repairpal.com,other
www.123articleonline.com,other
androidforums.com,ugc
kupika.com,other
www.topix.com,other
newyork.cbslocal.com,other
www.mobileread.com,other
lareviewofbooks.org,other
sports.yahoo.com,other
books.simonandschuster.com,other
www.fulltextarchive.com,other
journals.lww.com,editorial
www.bankrate.com,other
www.theage.com.au,other
www.marketwatch.com,other
docs.google.com,faq
www.thesimpledollar.com,other
www.breitbart.com,other
www.cbc.ca,other
www.amiscorbin.com,other
www.witchvox.com,editorial
adage.com,other
www.biggerpockets.com,other
www.thehollywoodgossip.com,editorial
www.powells.com,other
www.eurogamer.net,other
variety.com,editorial
www.truthnetwork.com,other
www.kcrw.com,other
www.amazon.com,commerce
www.styleforum.net,ugc
press.siva-ai.com,other
www.scpr.org,other
www.dogster.com,other
psychcentral.com,other
www.protocol-online.org,other
www.pcmag.com,other
www.cheatsheet.com,other
www.mictaservice.com,editorial
io9.gizmodo.com,editorial
www.denverpost.com,editorial
newrepublic.com,other
www.happyscribe.com,other
www.last.fm,other
therumpus.net,other
www.studymode.com,other
politicalticker.blogs.cnn.com,editorial
www.carrentals.com,other
www.ccel.org,other
www.prweb.com,other
www.weddingwire.in,editorial
www.h-net.org,other
www2.ljworld.com,other
www.thefader.com,other
mathforum.org,ugc
www.yourtango.com,other
www.medicinenet.com,other
gbatemp.net,other
news.ycombinator.com,editorial
blog.sfgate.com,editorial
www.eetimes.com,editorial
www.okcupid.com,other
www.christianitytoday.com,other
www.spurgeon.org,other
www.whattoexpect.com,other
www.2carpros.com,other
www.state.gov,other
votesmart.org,other
www.textsfromlastnight.com,other
theweek.com,other
blog.hubspot.com,editorial
www.everydayhealth.com,other
www.dazeddigital.com,other
www.shopify.com,commerce
jayisgames.com,other
road.cc,other
www.naturallycurly.com,other
www.ifixit.com,other
www.tthfanfic.org,other
www.sz-wholesale.com,other
boards.theforce.net,ugc
www.lucasforums.com,ugc
www.speakingtree.in,other
www.usatoday.com,editorial
truthout.org,other
www.bbc.com,editorial
www.artofmanliness.com,other
blogs.cisco.com,editorial
paizo.com,other
www.nps.gov,other
www.foxbusiness.com,other
theanarchistlibrary.org,other
www.browardpalmbeach.com,other
ssnet.org,other
www.clubconspiracy.com,other
www.msnbc.com,other
www.ncregister.com,other
www.preceptaustin.org,other
www.avvo.com,other
www.mindbodygreen.com,other
community.thriveglobal.com,ugc
www.sandiegouniontribune.com,other
liveprayer.com,other
www.sparknotes.com,other
blogs.reuters.com,editorial
askubuntu.com,other
www.americanthinker.com,other
insecure.archiveofourown.org,other
cors.archive.org,other
alibi.com,other
knowledge.wharton.upenn.edu,other
www.bookreporter.com,other
howtodiscuss.com,ugc
www.ocweekly.com,other
www.broadwayworld.com,other
www.expedia.com,other
www.oregonlive.com,other
www.eweek.com,other
hvac-talk.com,other
www.un.org,other
www.thinkadvisor.com,other
www.varsitytutors.com,other
biblehub.com,other
www.babycenter.com,other
www.people.com,other
mugshots.com,other
www.runnersworld.com,other
osstelco.com,other
www.thefrisky.com,other
www.catster.com,other
uncyclopedia.wikia.com,other
doctor.ndtv.com,other
www.americanbar.org,other
subsaga.com,other
www.bio.net,other
www.dawgshed.com,other
www.rxlist.com,other
www.lawschooldiscussion.org,ugc
www.scoop.co.nz,other
creation.com,other
www.remodelormove.com,other
www.justanswer.co.uk,other
www.nbadraft.net,other
www.knittinghelp.com,faq
www.dallasnews.com,editorial
www.mirror.co.uk,other
www.gradesaver.com,other
www.autoracing1.com,other
betterlesson.com,other
www.theblaze.com,other
zcomm.org,other
blog.al.com,editorial
www.overstock.com,commerce
thedianerehmshow.org,other
www.smithsonianmag.com,other
www.ba-bamail.com,other
www.sandiegoreader.com,other
www.healthcentral.com,other
www.thecut.com,other
www.head-fi.org,other
www.denofgeek.com,other
www.newstatesman.com,editorial
www.motherearthnews.com,editorial
www.gotquestions.org,other
www.zerohedge.com,other
www.cgg.org,other
www.survivinginfidelity.com,other
www.independent.ie,other
themillions.com,other
silo.pub,other
blogs.msdn.com,editorial
goodmenproject.com,other
hellogiggles.com,other
forum.audiogon.com,ugc
www.novelall.com,other
www.hackmath.net,other
www.mediapost.com,editorial
www.hotfreebooks.com,other
boingboing.net,other
www.economist.com,editorial
www.elitetrader.com,other
drug3k.com,other
enviroliteracy.org,other
www.cruisemates.com,other
journals.plos.org,editorial
www.pcworld.com,other
newsbusters.org,editorial
www.insidehighered.com,other
www.mnn.com,other
www.circleofmoms.com,other
www.religion-online.org,other
www.nationalreview.com,other
music.allaccess.com,other
www.diychatroom.com,other
bikehike.org,other
www.tparents.org,other
www.finder.com.au,other
www.texasmonthly.com,other
www.mercurynews.com,editorial
atheistnexus.org,other
www.firstthings.com,other
caselaw.findlaw.com,other
www.scientificamerican.com,other
www.wrestlingforum.com,ugc
www.ukessays.com,other
www.valuewalk.com,other
www.netdoctor.co.uk,other
www.searchenginejournal.com,editorial
www.timeout.com,other
www.gamasutra.com,other
davesgarden.com,other
my.clevelandclinic.org,other
first-thoughts.org,other
www.syfy.com,other
www.apug.org,other
www.marieclaire.com,other
scobes-ar.fh-joanneum.at,other
www.bodybuilding.com,other
www.glennbeck.com,other
www.deviantart.com,other
www.kitces.com,other
www.wiihacks.com,other
bookriot.com,other
www.smashwords.com,other
europa.eu,other
www.christianity.com,other
searchengineland.com,other
www.ted.com,other
www.radiotimes.com,editorial
www.electronic-servicing.com,other
www.thenakedscientists.com,other
www.computerweekly.com,other
www.pets.ca,other
www.bizjournals.com,editorial
food52.com,other
weirdvideos.com,other
www.pcgamer.com,other
psichologyanswers.com,faq
www.ranker.com,other
en.wikibooks.org,other
www.droidforums.net,ugc
scholar.lib.vt.edu,other
www.sun-sentinel.com,other
thenationonlineng.net,other
www.inverse.com,other
www.realitytvworld.com,other
www.ask.com,other
blogs.sap.com,editorial
www.romanceclass.com,other
www.essence.com,other
www.irishcentral.com,other
veranstaltungen.badminton.de,other
www.usingenglish.com,other
steepster.com,other
www.moneypit.com,other
www.theamericanconservative.com,other
www.digitaltrends.com,other
www.romper.com,other
www.dumpsterator.com,other
www.truth-out.org,other
www.vanguardngr.com,other
en.forums.wordpress.com,editorial
www.dvdtalk.com,other
boston.cbslocal.com,other
www.marketbeat.com,other
www.kayak.com,other
iclg.com,other
www.infoq.com,other
www.w3.org,other
www.laineygossip.com,other
www.caraudio.com,other
wow.joystiq.com,other
www.internations.org,other
www.longrangehunting.com,other
www.jewishworldreview.com,other
www.inman.com,other
www.frontiersin.org,other
www.you-books.com,other
support.mozilla.org,faq
community.atlassian.com,ugc
www.federalregister.gov,other
www.serebiiforums.com,ugc
www.thespoof.com,other
www.mylot.com,other
www.scotsman.com,other
acronym24.com,other
www.thestreet.com,other
politix.topix.com,other
content.time.com,editorial
parentpreviews.com,other
www.qualitylogoproducts.com,other
www.girlslife.com,other
www.opendemocracy.net,other
www.phillymag.com,other
www.nola.com,other
gigaom.com,other
www.cdc.gov,other
freakonomics.com,other
catholicexchange.com,other
www.informit.com,other
legalknowledgebase.com,faq
www.whitehouse.gov,other
nameberry.com,other
horizonteeuropaperu.concytec.gob.pe,other
www.ibiblio.org,other
www.smore.com,other
racerxonline.com,other
mic.com,other
www.womeninclothes.com,other
archives.cnn.com,editorial
www.buzzsprout.com,other
www.charismamag.com,other
www.sptimes.com,editorial
jiddu-krishnamurti.net,other
blogs.telegraph.co.uk,editorial
razzball.com,other
mobile.audible.com,other
www.thymio.org,other
www.comingsoon.net,other
www.metafilter.com,other
www.animenewsnetwork.com,editorial
www.difference.wiki,other
www.education.com,other
www.al.com,other
indianexpress.com,other
www.azpbs.org,other
www.washingtonian.com,other
www.resilience.org,other
hackaday.com,other
www.coursehero.com,other
www.care2.com,other
blogs.scientificamerican.com,editorial
www.calendar-canada.ca,other
www.signnow.com,other
www.usmessageboard.com,ugc
www.investopedia.com,other
studylib.net,other
www.bartleby.com,other
www.treehugger.com,other
www.independent.com,editorial
www.courant.com,other
www.finder.com,other
io9.com,other
www.boloji.com,other
www.healthline.com,other
blog.mysanantonio.com,editorial
ocw.mit.edu,other
cboard.cprogramming.com,ugc
slam.canoe.com,other
prospect.org,other
www.wnyc.org,other
bombmagazine.org,editorial
apk-dl.com,other
www.sec.gov,other
www.carnegiecouncil.org,other
therealnews.com,editorial
www.japantimes.co.jp,editorial
www.citysearch.com,other
ocs.stou.ac.th,other
madamenoire.com,other
www.macworld.com,other
www.wuxiaworld.com,other
www.patriots.com,other
www.disboards.com,ugc
www.socialmediaexaminer.com,editorial
www.vh1.com,other
storiesonline.net,other
pizza.dominos.com,other
www.scarymommy.com,other
www.chron.com,other
superquadri.com.br,other
twit.tv,other
ehealthforum.com,ugc
www.dvdverdict.com,other
thehockeywriters.com,other
www.cosmopolitan.com,other
call-for-papers.sas.upenn.edu,other
www.booknotes.org,other
forums.superherohype.com,ugc
thecommonills.blogspot.com,editorial
www.newadvent.org,other
spectator.org,other
rapmusic.com,other
debates.oireachtas.ie,other
smallbiztrends.com,other
www.healthcaremagic.com,other
forums.theregister.com,ugc
www.gaiaonline.com,other
www.makeupalley.com,other
www.myjewishlearning.com,other
www.dailydot.com,other
www.eventbrite.com,other
www.belfasttelegraph.co.uk,editorial
www.irunfar.com,other
www.dummies.com,other
www.nairaland.com,other
www.ubergizmo.com,other
www.macleans.ca,other
dzone.com,other
scaredmonkeys.com,other
www.huzzle.app,other
advrider.com,other
fubar.com,other
www.morningstar.com,other
gaming.stackexchange.com,other
www.pastemagazine.com,editorial
www.pressreader.com,other
www.playbill.com,other
blogs.psychcentral.com,editorial
www.jotform.com,other
www.coalitionbrewing.com,other
www.bravotv.com,other
www.pcworld.idg.com.au,other
lparchive.org,other
www.commondreams.org,other
www.craftsy.com,other
www.debate.org,other
dailycaller.com,other
dailyreckoning.com,other
www.jewishledger.com,other
dailyhowler.blogspot.com,editorial
answersdrive.com,faq
www.bullshido.net,other
www.publishersweekly.com,other
www.lomography.com,other
www.uua.org,other
www.ft.com,other
deadline.com,other
www.formula1.com,other
www.pajiba.com,other
www.quiltingboard.com,ugc
www.clickz.com,other
screencrush.com,other
archive.boston.com,other
www.thebigthrill.org,other
books.apple.com,other
www.digitalspy.com,other
www.imore.com,other
www.apotelyt.com,other
www.newsbusters.org,editorial
www.lewrockwell.com,other
www.nakedcapitalism.com,other
historynewsnetwork.org,editorial
obamawhitehouse.archives.gov,other
yourstory.com,other
answersingenesis.org,faq
www.guitarworld.com,other
healthunlocked.com,other
nuertinger-hof.de,other
www.ibtimes.com,editorial
www.lawguru.com,other
www.musicradar.com,other
blog.nj.com,editorial
www.newscientist.com,editorial
www.funadvice.com,editorial
www.insidesocal.com,other
www.meetup.com,other
diy.stackexchange.com,other
articles.faithwriters.com,other
philpapers.org,other
www.pinterest.com,other
reason.com,other
thefederalist.com,other
www.express.co.uk,other
www.timesfreepress.com,editorial
www.futurelearn.com,other
www.aarp.org,other
www.cliffsnotes.com,other
jobs.monster.com,other
www.soapcentral.com,other
www.jewishjournal.com,editorial
www.informationweek.com,other
muang.sso.stno.moph.go.th,other
blogs.msdn.microsoft.com,editorial
newmattressland.com,other
themighty.com,other
athena.uky.edu,other
www.wbur.org,other
www.idownloadblog.com,editorial
www.edutopia.org,other
www.legalmatch.com,other
www.aafp.org,other
blog.reedsy.com,editorial
apple.stackexchange.com,other
ivy.fm,other
www.news.com.au,editorial
newswithviews.com,editorial
www.gameinformer.com,other
www.cbssports.com,other
www.jpost.com,editorial
www.anagrammer.com,other
brooklynrail.org,other
sports.espn.go.com,other
www.brit.co,other
dissidentvoice.org,other
www.imf.org,other
itunes.apple.com,other
openparliament.ca,other
blog.lib.umn.edu,editorial
www.brookings.edu,other
news.sys-con.com,editorial
www.mic.com,other
www.ents24.com,other
www.livemint.com,other
www.thewrap.com,other
groups.yahoo.com,other
www.tripadvisor.com,other
www.insidermonkey.com,other
www.artsjournal.com,editorial
www.firstpost.com,editorial
www.businessweek.com,other
www.gotoquiz.com,other
www.bible.com,other
community.adobe.com,ugc
www.collegefashion.net,other
